[{"Package":"abind","Version":"1.4-5"},{"Package":"acepack","Version":"1.4.1"},{"Package":"arm","Version":"1.10-1"},{"Package":"assertthat","Version":"0.2.0"},{"Package":"backports","Version":"1.1.2"},{"Package":"base64enc","Version":"0.1-3"},{"Package":"BDgraph","Version":"2.51"},{"Package":"BH","Version":"1.66.0-1"},{"Package":"bindr","Version":"0.1.1"},{"Package":"bindrcpp","Version":"0.2.2"},{"Package":"bit","Version":"1.1-14"},{"Package":"bit64","Version":"0.9-7"},{"Package":"blob","Version":"1.1.1"},{"Package":"car","Version":"3.0-2"},{"Package":"carData","Version":"3.0-1"},{"Package":"cellranger","Version":"1.1.0"},{"Package":"checkmate","Version":"1.8.5"},{"Package":"cli","Version":"1.0.0"},{"Package":"coda","Version":"0.19-1"},{"Package":"colorspace","Version":"1.3-2"},{"Package":"colourpicker","Version":"1.0"},{"Package":"corpcor","Version":"1.6.9"},{"Package":"corrplot","Version":"0.84"},{"Package":"crayon","Version":"1.3.4"},{"Package":"crosstalk","Version":"1.0.0"},{"Package":"curl","Version":"3.2"},{"Package":"d3Network","Version":"0.5.2.1"},{"Package":"data.table","Version":"1.11.4"},{"Package":"DBI","Version":"1.0.0"},{"Package":"deldir","Version":"0.1-15"},{"Package":"dendextend","Version":"1.8.0"},{"Package":"DEoptimR","Version":"1.0-8"},{"Package":"digest","Version":"0.6.16"},{"Package":"diptest","Version":"0.75-7"},{"Package":"DT","Version":"0.4"},{"Package":"dummies","Version":"1.5.6"},{"Package":"dygraphs","Version":"1.1.1.6"},{"Package":"egcm","Version":"1.0.12"},{"Package":"ellipse","Version":"0.4.1"},{"Package":"evaluate","Version":"0.11"},{"Package":"fansi","Version":"0.3.0"},{"Package":"fdrtool","Version":"1.2.15"},{"Package":"flexmix","Version":"2.3-14"},{"Package":"forcats","Version":"0.3.0"},{"Package":"Formula","Version":"1.2-3"},{"Package":"fpc","Version":"2.1-11.1"},{"Package":"ggm","Version":"2.3"},{"Package":"glasso","Version":"1.10"},{"Package":"glue","Version":"1.3.0"},{"Package":"gridExtra","Version":"2.3"},{"Package":"gtools","Version":"3.8.1"},{"Package":"haven","Version":"1.1.2"},{"Package":"hexbin","Version":"1.27.2"},{"Package":"highr","Version":"0.7"},{"Package":"Hmisc","Version":"4.1-1"},{"Package":"hms","Version":"0.4.2"},{"Package":"htmlTable","Version":"1.12"},{"Package":"htmltools","Version":"0.3.6"},{"Package":"htmlwidgets","Version":"1.2"},{"Package":"httpuv","Version":"1.4.5"},{"Package":"httr","Version":"1.3.1"},{"Package":"huge","Version":"1.2.7"},{"Package":"igraph","Version":"1.2.2"},{"Package":"jpeg","Version":"0.1-8"},{"Package":"kernlab","Version":"0.9-27"},{"Package":"knitr","Version":"1.20"},{"Package":"labeling","Version":"0.3"},{"Package":"later","Version":"0.7.4"},{"Package":"latticeExtra","Version":"0.6-28"},{"Package":"lavaan","Version":"0.6-2"},{"Package":"lazyeval","Version":"0.2.1"},{"Package":"lme4","Version":"1.1-18-1"},{"Package":"lubridate","Version":"1.7.4"},{"Package":"magrittr","Version":"1.5"},{"Package":"maptools","Version":"0.9-3"},{"Package":"markdown","Version":"0.8"},{"Package":"matrixcalc","Version":"1.0-3"},{"Package":"MatrixModels","Version":"0.4-1"},{"Package":"mclust","Version":"5.4.1"},{"Package":"memoise","Version":"1.1.0"},{"Package":"mi","Version":"1.0"},{"Package":"mime","Version":"0.5"},{"Package":"miniUI","Version":"0.1.1.1"},{"Package":"minqa","Version":"1.2.4"},{"Package":"mnormt","Version":"1.5-5"},{"Package":"modeltools","Version":"0.2-22"},{"Package":"moments","Version":"0.14"},{"Package":"munsell","Version":"0.5.0"},{"Package":"mvtnorm","Version":"1.0-8"},{"Package":"network","Version":"1.13.0.1"},{"Package":"nFactors","Version":"2.3.3"},{"Package":"nloptr","Version":"1.0.4"},{"Package":"numDeriv","Version":"2016.8-1"},{"Package":"openssl","Version":"1.0.2"},{"Package":"openxlsx","Version":"4.1.0"},{"Package":"pander","Version":"0.6.2"},{"Package":"pbapply","Version":"1.3-4"},{"Package":"pbivnorm","Version":"0.6.0"},{"Package":"pbkrtest","Version":"0.4-7"},{"Package":"pillar","Version":"1.3.0"},{"Package":"pkgconfig","Version":"2.0.2"},{"Package":"plogr","Version":"0.2.0"},{"Package":"plotly","Version":"4.8.0"},{"Package":"png","Version":"0.1-7"},{"Package":"prabclus","Version":"2.2-6"},{"Package":"pracma","Version":"2.1.5"},{"Package":"prettyunits","Version":"1.0.2"},{"Package":"promises","Version":"1.0.1"},{"Package":"psych","Version":"1.8.4"},{"Package":"purrr","Version":"0.2.5"},{"Package":"qgraph","Version":"1.5"},{"Package":"quadprog","Version":"1.5-5"},{"Package":"quantmod","Version":"0.4-13"},{"Package":"quantreg","Version":"5.36"},{"Package":"R6","Version":"2.2.2"},{"Package":"RColorBrewer","Version":"1.1-2"},{"Package":"Rcpp","Version":"0.12.18"},{"Package":"RcppEigen","Version":"0.3.3.4.0"},{"Package":"readr","Version":"1.1.1"},{"Package":"readxl","Version":"1.1.0"},{"Package":"rematch","Version":"1.0.1"},{"Package":"reshape","Version":"0.8.7"},{"Package":"rio","Version":"0.5.10"},{"Package":"rJava","Version":"0.9-10"},{"Package":"rlang","Version":"0.2.2"},{"Package":"rmarkdown","Version":"1.10"},{"Package":"robustbase","Version":"0.93-2"},{"Package":"RPostgreSQL","Version":"0.6-2"},{"Package":"rprojroot","Version":"1.3-2"},{"Package":"rstudioapi","Version":"0.7"},{"Package":"scales","Version":"1.0.0"},{"Package":"sem","Version":"3.1-9"},{"Package":"shiny","Version":"1.1.0"},{"Package":"shinyBS","Version":"0.61"},{"Package":"shinyFiles","Version":"0.7.0"},{"Package":"shinyjs","Version":"1.0"},{"Package":"sna","Version":"2.4"},{"Package":"sourcetools","Version":"0.1.7"},{"Package":"sp","Version":"1.3-1"},{"Package":"SparseM","Version":"1.77"},{"Package":"statnet.common","Version":"4.1.4"},{"Package":"stringi","Version":"1.2.4"},{"Package":"stringr","Version":"1.3.1"},{"Package":"tibble","Version":"1.4.2"},{"Package":"tidyr","Version":"0.8.1"},{"Package":"tidyselect","Version":"0.2.4"},{"Package":"tinytex","Version":"0.8"},{"Package":"trimcluster","Version":"0.1-2.1"},{"Package":"tseries","Version":"0.10-45"},{"Package":"TTR","Version":"0.23-3"},{"Package":"urca","Version":"1.3-0"},{"Package":"utf8","Version":"1.1.4"},{"Package":"viridis","Version":"0.5.1"},{"Package":"viridisLite","Version":"0.3.0"},{"Package":"whisker","Version":"0.3-2"},{"Package":"withr","Version":"2.1.2"},{"Package":"xfun","Version":"0.3"},{"Package":"xtable","Version":"1.8-3"},{"Package":"xts","Version":"0.11-0"},{"Package":"yaml","Version":"2.2.0"},{"Package":"zip","Version":"1.0.0"},{"Package":"zoo","Version":"1.8-3"},{"Package":"dplyr","Version":"0.7.6"},{"Package":"ggplot2","Version":"3.0.0"},{"Package":"gtable","Version":"0.2.0"},{"Package":"jsonlite","Version":"1.5"},{"Package":"odbc","Version":"1.1.6"},{"Package":"plyr","Version":"1.8.4"},{"Package":"pryr","Version":"0.1.4"},{"Package":"reshape2","Version":"1.4.3"},{"Package":"RJDBC","Version":"0.2-7.1"},{"Package":"rjson","Version":"0.2.20"},{"Package":"RSQLite","Version":"2.1.1"},{"Package":"RMySQL","Version":"0.10.13"},{"Package":"boot","Version":"1.3-20"},{"Package":"class","Version":"7.3-14"},{"Package":"cluster","Version":"2.0.6"},{"Package":"codetools","Version":"0.2-15"},{"Package":"foreign","Version":"0.8-69"},{"Package":"grid","Version":"3.4.4"},{"Package":"lattice","Version":"0.20-35"},{"Package":"MASS","Version":"7.3-49"},{"Package":"Matrix","Version":"1.2-12"},{"Package":"mgcv","Version":"1.8-23"},{"Package":"nlme","Version":"3.1-131"},{"Package":"nnet","Version":"7.3-12"},{"Package":"rpart","Version":"4.1-13"},{"Package":"stats","Version":"3.4.4"},{"Package":"survival","Version":"2.41-3"}]
