[{"Package":"assertthat","Version":"0.2.0"},{"Package":"backports","Version":"1.1.2"},{"Package":"base64enc","Version":"0.1-3"},{"Package":"BH","Version":"1.66.0-1"},{"Package":"bindr","Version":"0.1.1"},{"Package":"bindrcpp","Version":"0.2.2"},{"Package":"bit","Version":"1.1-14"},{"Package":"bit64","Version":"0.9-7"},{"Package":"blob","Version":"1.1.1"},{"Package":"cli","Version":"1.0.0"},{"Package":"colorspace","Version":"1.3-2"},{"Package":"colourpicker","Version":"1.0"},{"Package":"crayon","Version":"1.3.4"},{"Package":"crosstalk","Version":"1.0.0"},{"Package":"curl","Version":"3.2"},{"Package":"data.table","Version":"1.11.4"},{"Package":"DBI","Version":"1.0.0"},{"Package":"devtools","Version":"1.13.5"},{"Package":"dichromat","Version":"2.0-0"},{"Package":"digest","Version":"0.6.15"},{"Package":"dplyr","Version":"0.7.5"},{"Package":"DT","Version":"0.4"},{"Package":"evaluate","Version":"0.10.1"},{"Package":"ggplot2","Version":"2.2.1.9000"},{"Package":"git2r","Version":"0.21.0"},{"Package":"glue","Version":"1.2.0"},{"Package":"gtable","Version":"0.2.0"},{"Package":"highr","Version":"0.6"},{"Package":"hms","Version":"0.4.2"},{"Package":"htmltools","Version":"0.3.6"},{"Package":"htmlwidgets","Version":"1.2"},{"Package":"httpuv","Version":"1.4.3"},{"Package":"httr","Version":"1.3.1"},{"Package":"jsonlite","Version":"1.5"},{"Package":"knitr","Version":"1.20"},{"Package":"labeling","Version":"0.3"},{"Package":"later","Version":"0.7.2"},{"Package":"lazyeval","Version":"0.2.1"},{"Package":"lubridate","Version":"1.7.4"},{"Package":"magrittr","Version":"1.5"},{"Package":"markdown","Version":"0.8"},{"Package":"memoise","Version":"1.1.0"},{"Package":"mime","Version":"0.5"},{"Package":"miniUI","Version":"0.1.1.1"},{"Package":"munsell","Version":"0.4.3"},{"Package":"odbc","Version":"1.1.5"},{"Package":"openssl","Version":"1.0.1"},{"Package":"pander","Version":"0.6.1"},{"Package":"pillar","Version":"1.2.3"},{"Package":"pkgconfig","Version":"2.0.1"},{"Package":"plogr","Version":"0.2.0"},{"Package":"plyr","Version":"1.8.4"},{"Package":"prettyunits","Version":"1.0.2"},{"Package":"promises","Version":"1.0.1"},{"Package":"purrr","Version":"0.2.5"},{"Package":"R6","Version":"2.2.2"},{"Package":"RColorBrewer","Version":"1.1-2"},{"Package":"Rcpp","Version":"0.12.17"},{"Package":"reshape2","Version":"1.4.3"},{"Package":"rJava","Version":"0.9-10"},{"Package":"RJDBC","Version":"0.2-7.1"},{"Package":"rjson","Version":"0.2.19"},{"Package":"RJSONIO","Version":"1.3-0"},{"Package":"rlang","Version":"0.2.0.9001"},{"Package":"rmarkdown","Version":"1.9"},{"Package":"rprojroot","Version":"1.3-2"},{"Package":"RSQLite","Version":"2.1.1"},{"Package":"rstudioapi","Version":"0.7"},{"Package":"scales","Version":"0.5.0"},{"Package":"shiny","Version":"1.1.0"},{"Package":"shinyBS","Version":"0.61"},{"Package":"shinyFiles","Version":"0.6.2"},{"Package":"shinyjs","Version":"1.0"},{"Package":"sourcetools","Version":"0.1.7"},{"Package":"stringi","Version":"1.2.2"},{"Package":"stringr","Version":"1.3.1"},{"Package":"tibble","Version":"1.4.2"},{"Package":"tidyselect","Version":"0.2.4"},{"Package":"utf8","Version":"1.1.4"},{"Package":"viridisLite","Version":"0.3.0"},{"Package":"whisker","Version":"0.3-2"},{"Package":"withr","Version":"2.1.2"},{"Package":"xtable","Version":"1.8-2"},{"Package":"yaml","Version":"2.1.19"},{"Package":"zip","Version":"1.0.0"},{"Package":"RMySQL","Version":"0.10.13"},{"Package":"RPostgreSQL","Version":"0.4"},{"Package":"MASS","Version":"7.3-49"}]
