sbu,AC_Type,Model_No,required_shipping_date,quantity
Room_AC,Walled_AC,AR40NRP,2014-07-01,1
Room_AC,Walled_AC,AR40PRP,2014-04-01,26
Room_AC,Walled_AC,AR40PRP,2014-05-01,5
Room_AC,Walled_AC,AR40PRP,2014-06-01,4
Room_AC,Walled_AC,AR40PRP,2014-07-01,1
Room_AC,Walled_AC,AR40PRP,2014-08-01,0
Room_AC,Walled_AC,AR40PRP,2014-09-01,2
Room_AC,Walled_AC,AR40PRP,2014-11-01,1
Room_AC,Walled_AC,AR40PRP,2015-04-01,1
Room_AC,Walled_AC,AR40RRP,2014-04-01,878
Room_AC,Walled_AC,AR40RRP,2014-05-01,1649
Room_AC,Walled_AC,AR40RRP,2014-06-01,2945
Room_AC,Walled_AC,AR40RRP,2014-07-01,2351
Room_AC,Walled_AC,AR40RRP,2014-08-01,1051
Room_AC,Walled_AC,AR40RRP,2014-09-01,816
Room_AC,Walled_AC,AR40RRP,2014-10-01,522
Room_AC,Walled_AC,AR40RRP,2014-11-01,1114
Room_AC,Walled_AC,AR40RRP,2014-12-01,2663
Room_AC,Walled_AC,AR40RRP,2015-01-01,1027
Room_AC,Walled_AC,AR40RRP,2015-02-01,1707
Room_AC,Walled_AC,AR40RRP,2015-03-01,1211
Room_AC,Walled_AC,AR40RRP,2015-04-01,591
Room_AC,Walled_AC,AR40RRP,2015-05-01,70
Room_AC,Walled_AC,AR40RRP,2015-06-01,10
Room_AC,Walled_AC,AR40RRP,2015-07-01,2
Room_AC,Walled_AC,AR40RRP,2015-08-01,14
Room_AC,Walled_AC,AR40RRP,2015-09-01,0
Room_AC,Walled_AC,AR40RRP,2015-10-01,2
Room_AC,Walled_AC,AR40RRP,2015-11-01,3
Room_AC,Walled_AC,AR40RRP,2016-05-01,0
Room_AC,Walled_AC,AR40RRP,2016-11-01,0
Room_AC,Walled_AC,AR40SRP,2014-11-01,18
Room_AC,Walled_AC,AR40SRP,2014-12-01,72
Room_AC,Walled_AC,AR40SRP,2015-01-01,71
Room_AC,Walled_AC,AR40SRP,2015-02-01,175
Room_AC,Walled_AC,AR40SRP,2015-03-01,4131
Room_AC,Walled_AC,AR40SRP,2015-04-01,134
Room_AC,Walled_AC,AR40SRP,2015-05-01,693
Room_AC,Walled_AC,AR40SRP,2015-06-01,3711
Room_AC,Walled_AC,AR40SRP,2015-07-01,1122
Room_AC,Walled_AC,AR40SRP,2015-08-01,801
Room_AC,Walled_AC,AR40SRP,2015-09-01,633
Room_AC,Walled_AC,AR40SRP,2015-10-01,459
Room_AC,Walled_AC,AR40SRP,2015-11-01,919
Room_AC,Walled_AC,AR40SRP,2015-12-01,1997
Room_AC,Walled_AC,AR40SRP,2016-01-01,1059
Room_AC,Walled_AC,AR40SRP,2016-02-01,1422
Room_AC,Walled_AC,AR40SRP,2016-03-01,2315
Room_AC,Walled_AC,AR40SRP,2016-04-01,90
Room_AC,Walled_AC,AR40SRP,2016-05-01,33
Room_AC,Walled_AC,AR40SRP,2016-06-01,5
Room_AC,Walled_AC,AR40SRP,2016-07-01,0
Room_AC,Walled_AC,AR40SRP,2016-08-01,0
Room_AC,Walled_AC,AR40SRP,2016-09-01,1
Room_AC,Walled_AC,AR40TRP,2015-10-01,59
Room_AC,Walled_AC,AR40TRP,2015-11-01,250
Room_AC,Walled_AC,AR40TRP,2015-12-01,650
Room_AC,Walled_AC,AR40TRP,2016-01-01,207
Room_AC,Walled_AC,AR40TRP,2016-02-01,507
Room_AC,Walled_AC,AR40TRP,2016-03-01,1452
Room_AC,Walled_AC,AR40TRP,2016-04-01,441
Room_AC,Walled_AC,AR40TRP,2016-05-01,574
Room_AC,Walled_AC,AR40TRP,2016-06-01,4005
Room_AC,Walled_AC,AR40TRP,2016-07-01,2189
Room_AC,Walled_AC,AR40TRP,2016-08-01,1177
Room_AC,Walled_AC,AR40TRP,2016-09-01,845
Room_AC,Walled_AC,AR40TRP,2016-10-01,1142
Room_AC,Walled_AC,AR40TRP,2016-11-01,905
Room_AC,Walled_AC,AR40TRP,2016-12-01,1507
Room_AC,Walled_AC,AR40TRP,2017-01-01,821
Room_AC,Walled_AC,AR40TRP,2017-02-01,1138
Room_AC,Walled_AC,AR40TRP,2017-03-01,1013
Room_AC,Walled_AC,AR40TRP,2017-04-01,13
Room_AC,Walled_AC,AR40TRP,2017-05-01,0
Room_AC,Walled_AC,AR40URP,2016-10-01,8
Room_AC,Walled_AC,AR40URP,2016-11-01,180
Room_AC,Walled_AC,AR40URP,2016-12-01,276
Room_AC,Walled_AC,AR40URP,2017-01-01,214
Room_AC,Walled_AC,AR40URP,2017-02-01,286
Room_AC,Walled_AC,AR40URP,2017-03-01,688
Room_AC,Walled_AC,AR40URP,2017-04-01,32
Room_AC,Walled_AC,AR40URP,2017-05-01,1
Room_AC,Split_AC,AR56PRP,2014-04-01,2
Room_AC,Split_AC,AR56PRP,2014-05-01,1
Room_AC,Split_AC,AR56PRP,2014-06-01,36
Room_AC,Split_AC,AR56PRP,2014-09-01,1
Room_AC,Split_AC,AR56RRP,2014-04-01,775
Room_AC,Split_AC,AR56RRP,2014-05-01,1553
Room_AC,Split_AC,AR56RRP,2014-06-01,2815
Room_AC,Split_AC,AR56RRP,2014-07-01,2323
Room_AC,Split_AC,AR56RRP,2014-08-01,1080
Room_AC,Split_AC,AR56RRP,2014-09-01,898
Room_AC,Split_AC,AR56RRP,2014-10-01,593
Room_AC,Split_AC,AR56RRP,2014-11-01,1218
Room_AC,Split_AC,AR56RRP,2014-12-01,2747
Room_AC,Split_AC,AR56RRP,2015-01-01,1348
Room_AC,Split_AC,AR56RRP,2015-02-01,1771
Room_AC,Split_AC,AR56RRP,2015-03-01,641
Room_AC,Split_AC,AR56RRP,2015-04-01,159
Room_AC,Split_AC,AR56RRP,2015-05-01,61
Room_AC,Split_AC,AR56RRP,2015-06-01,7
Room_AC,Split_AC,AR56RRP,2015-07-01,1
Room_AC,Split_AC,AR56RRP,2015-08-01,2
Room_AC,Split_AC,AR56RRP,2015-09-01,0
Room_AC,Split_AC,AR56RRP,2015-10-01,0
Room_AC,Split_AC,AR56RRP,2015-11-01,0
Room_AC,Split_AC,AR56RRP,2015-12-01,0
Room_AC,Split_AC,AR56RRP,2016-01-01,0
Room_AC,Split_AC,AR56RRP,2016-02-01,0
Room_AC,Split_AC,AR56RRP,2016-03-01,0
Room_AC,Split_AC,AR56RRP,2016-04-01,0
Room_AC,Split_AC,AR56RRP,2016-05-01,0
Room_AC,Split_AC,AR56RRP,2016-06-01,0
Room_AC,Split_AC,AR56RRP,2016-07-01,4
Room_AC,Split_AC,AR56RRP,2016-11-01,0
Room_AC,Split_AC,AR56SRP,2014-11-01,28
Room_AC,Split_AC,AR56SRP,2014-12-01,58
Room_AC,Split_AC,AR56SRP,2015-01-01,67
Room_AC,Split_AC,AR56SRP,2015-02-01,232
Room_AC,Split_AC,AR56SRP,2015-03-01,2799
Room_AC,Split_AC,AR56SRP,2015-04-01,151
Room_AC,Split_AC,AR56SRP,2015-05-01,951
Room_AC,Split_AC,AR56SRP,2015-06-01,4628
Room_AC,Split_AC,AR56SRP,2015-07-01,1244
Room_AC,Split_AC,AR56SRP,2015-08-01,889
Room_AC,Split_AC,AR56SRP,2015-09-01,514
Room_AC,Split_AC,AR56SRP,2015-10-01,507
Room_AC,Split_AC,AR56SRP,2015-11-01,980
Room_AC,Split_AC,AR56SRP,2015-12-01,1657
Room_AC,Split_AC,AR56SRP,2016-01-01,917
Room_AC,Split_AC,AR56SRP,2016-02-01,1544
Room_AC,Split_AC,AR56SRP,2016-03-01,940
Room_AC,Split_AC,AR56SRP,2016-04-01,134
Room_AC,Split_AC,AR56SRP,2016-05-01,18
Room_AC,Split_AC,AR56SRP,2016-06-01,10
Room_AC,Split_AC,AR56SRP,2016-07-01,1
Room_AC,Split_AC,AR56SRP,2016-08-01,1
Room_AC,Split_AC,AR56SRP,2016-09-01,0
Room_AC,Split_AC,AR56TRP,2015-10-01,56
Room_AC,Split_AC,AR56TRP,2015-11-01,260
Room_AC,Split_AC,AR56TRP,2015-12-01,615
Room_AC,Split_AC,AR56TRP,2016-01-01,183
Room_AC,Split_AC,AR56TRP,2016-02-01,648
Room_AC,Split_AC,AR56TRP,2016-03-01,1561
Room_AC,Split_AC,AR56TRP,2016-04-01,531
Room_AC,Split_AC,AR56TRP,2016-05-01,594
Room_AC,Split_AC,AR56TRP,2016-06-01,3539
Room_AC,Split_AC,AR56TRP,2016-07-01,2264
Room_AC,Split_AC,AR56TRP,2016-08-01,1193
Room_AC,Split_AC,AR56TRP,2016-09-01,1034
Room_AC,Split_AC,AR56TRP,2016-10-01,1184
Room_AC,Split_AC,AR56TRP,2016-11-01,1115
Room_AC,Split_AC,AR56TRP,2016-12-01,1752
Room_AC,Split_AC,AR56TRP,2017-01-01,1144
Room_AC,Split_AC,AR56TRP,2017-02-01,1810
Room_AC,Split_AC,AR56TRP,2017-03-01,2544
Room_AC,Split_AC,AR56TRP,2017-04-01,55
Room_AC,Split_AC,AR56TRP,2017-05-01,6
Room_AC,Split_AC,AR56TRP,2017-06-01,2
Room_AC,Split_AC,AR56TRP,2017-07-01,2
Room_AC,Split_AC,AR56URP,2016-10-01,5
Room_AC,Split_AC,AR56URP,2016-11-01,169
Room_AC,Split_AC,AR56URP,2016-12-01,169
Room_AC,Split_AC,AR56URP,2017-01-01,137
Room_AC,Split_AC,AR56URP,2017-02-01,301
Room_AC,Split_AC,AR56URP,2017-03-01,609
Room_AC,Split_AC,AR56URP,2017-04-01,58
Room_AC,Split_AC,AR56URP,2017-05-01,5
Room_AC,Multi_Split_AC,R63RCXPE2,2014-04-01,2
Room_AC,Multi_Split_AC,R63RCXPE2,2014-05-01,0
Room_AC,Multi_Split_AC,R63RCXPE2,2014-06-01,0
Room_AC,Multi_Split_AC,R63RCXPE2,2014-07-01,1
Room_AC,Multi_Split_AC,R63RCXPE2,2014-08-01,5
Room_AC,Multi_Split_AC,R63RCXPE2,2014-09-01,4
Room_AC,Multi_Split_AC,R63RCXPE2,2014-10-01,1
Room_AC,Multi_Split_AC,R63RCXPE2,2014-12-01,2
Room_AC,Multi_Split_AC,R63RCXPE2,2015-03-01,1
Room_AC,Multi_Split_AC,R63SCXPE2,2015-03-01,2
Room_AC,Multi_Split_AC,R63SCXPE2,2015-04-01,2
Room_AC,Multi_Split_AC,R63SCXPE2,2015-05-01,1
Room_AC,Multi_Split_AC,R63SCXPE2,2015-06-01,2
Room_AC,Multi_Split_AC,R63SCXPE2,2015-07-01,2
Room_AC,Multi_Split_AC,R63SCXPE2,2015-08-01,0
Room_AC,Multi_Split_AC,R63SCXPE2,2015-09-01,7
Room_AC,Multi_Split_AC,R63SCXPE2,2015-10-01,1
Room_AC,Multi_Split_AC,R63SCXPE2,2015-11-01,1
Room_AC,Multi_Split_AC,R63SCXPE2,2016-01-01,1
Room_AC,Multi_Split_AC,R63SCXPE2,2016-02-01,3
Room_AC,Multi_Split_AC,R63SCXPE2,2016-03-01,0
Room_AC,Multi_Split_AC,R63SCXPE2,2016-07-01,1
Room_AC,Multi_Split_AC,R63TCXPE2,2016-02-01,2
Room_AC,Multi_Split_AC,R63TCXPE2,2016-03-01,1
Room_AC,Multi_Split_AC,R63TCXPE2,2016-04-01,2
Room_AC,Multi_Split_AC,R63TCXPE2,2016-06-01,2
Room_AC,Multi_Split_AC,R63TCXPE2,2016-07-01,6
Room_AC,Multi_Split_AC,R63TCXPE2,2016-08-01,2
Room_AC,Multi_Split_AC,R63TCXPE2,2016-09-01,2
Room_AC,Multi_Split_AC,R63TCXPE2,2016-10-01,0
Room_AC,Multi_Split_AC,R63TCXPE2,2016-11-01,6
Room_AC,Multi_Split_AC,R63TCXPE2,2016-12-01,4
Room_AC,Multi_Split_AC,R63TCXPE2,2017-01-01,1
Room_AC,Multi_Split_AC,R63UCXPE2,2017-02-01,2
Room_AC,Multi_Split_AC,R63UCXPE2,2017-04-01,2
SkyAir,Ceiling_Mounted,RSRP140A,2014-04-01,117
SkyAir,Ceiling_Mounted,RSRP140A,2014-05-01,132
SkyAir,Ceiling_Mounted,RSRP140A,2014-06-01,292
SkyAir,Ceiling_Mounted,RSRP140A,2014-07-01,314
SkyAir,Ceiling_Mounted,RSRP140A,2014-08-01,247
SkyAir,Ceiling_Mounted,RSRP140A,2014-09-01,184
SkyAir,Ceiling_Mounted,RSRP140A,2014-10-01,148
SkyAir,Ceiling_Mounted,RSRP140A,2014-11-01,162
SkyAir,Ceiling_Mounted,RSRP140A,2014-12-01,115
SkyAir,Ceiling_Mounted,RSRP140A,2015-01-01,157
SkyAir,Ceiling_Mounted,RSRP140A,2015-02-01,124
SkyAir,Ceiling_Mounted,RSRP140A,2015-03-01,75
SkyAir,Ceiling_Mounted,RSRP140A,2015-04-01,48
SkyAir,Ceiling_Mounted,RSRP140A,2015-05-01,21
SkyAir,Ceiling_Mounted,RSRP140A,2015-06-01,43
SkyAir,Ceiling_Mounted,RSRP140A,2015-07-01,63
SkyAir,Ceiling_Mounted,RSRP140A,2015-08-01,68
SkyAir,Ceiling_Mounted,RSRP140A,2015-09-01,13
SkyAir,Ceiling_Mounted,RSRP140A,2015-10-01,6
SkyAir,Ceiling_Mounted,RSRP140A,2015-11-01,9
SkyAir,Ceiling_Mounted,RSRP140A,2015-12-01,3
SkyAir,Ceiling_Mounted,RSRP140A,2016-01-01,4
SkyAir,Ceiling_Mounted,RSRP140A,2016-02-01,3
SkyAir,Ceiling_Mounted,RSRP140A,2016-03-01,0
SkyAir,Ceiling_Mounted,RSRP140A,2016-04-01,1
SkyAir,Ceiling_Mounted,RSRP140A,2016-05-01,1
SkyAir,Ceiling_Mounted,RSRP140A,2016-06-01,2
SkyAir,Ceiling_Mounted,RSRP140A,2016-07-01,1
SkyAir,Ceiling_Mounted,RSRP140A,2016-08-01,0
SkyAir,Ceiling_Mounted,RSRP140A,2016-10-01,0
SkyAir,Ceiling_Mounted,RSRP140A,2016-11-01,0
SkyAir,Ceiling_Mounted,RSRP140A,2016-12-01,1
SkyAir,Ceiling_Mounted,RSRP140B,2015-01-01,1
SkyAir,Ceiling_Mounted,RSRP140B,2015-02-01,68
SkyAir,Ceiling_Mounted,RSRP140B,2015-03-01,167
SkyAir,Ceiling_Mounted,RSRP140B,2015-04-01,185
SkyAir,Ceiling_Mounted,RSRP140B,2015-05-01,292
SkyAir,Ceiling_Mounted,RSRP140B,2015-06-01,368
SkyAir,Ceiling_Mounted,RSRP140B,2015-07-01,355
SkyAir,Ceiling_Mounted,RSRP140B,2015-08-01,286
SkyAir,Ceiling_Mounted,RSRP140B,2015-09-01,290
SkyAir,Ceiling_Mounted,RSRP140B,2015-10-01,213
SkyAir,Ceiling_Mounted,RSRP140B,2015-11-01,188
SkyAir,Ceiling_Mounted,RSRP140B,2015-12-01,191
SkyAir,Ceiling_Mounted,RSRP140B,2016-01-01,178
SkyAir,Ceiling_Mounted,RSRP140B,2016-02-01,231
SkyAir,Ceiling_Mounted,RSRP140B,2016-03-01,231
SkyAir,Ceiling_Mounted,RSRP140B,2016-04-01,85
SkyAir,Ceiling_Mounted,RSRP140B,2016-05-01,41
SkyAir,Ceiling_Mounted,RSRP140B,2016-06-01,127
SkyAir,Ceiling_Mounted,RSRP140B,2016-07-01,81
SkyAir,Ceiling_Mounted,RSRP140B,2016-08-01,39
SkyAir,Ceiling_Mounted,RSRP140B,2016-09-01,28
SkyAir,Ceiling_Mounted,RSRP140B,2016-10-01,0
SkyAir,Ceiling_Mounted,RSRP140B,2016-11-01,2
SkyAir,Ceiling_Mounted,RSRP140B,2016-12-01,1
SkyAir,Ceiling_Mounted,RSRP140B,2017-01-01,0
SkyAir,Ceiling_Mounted,RSRP140B,2017-02-01,0
SkyAir,Ceiling_Mounted,RSRP140B,2017-03-01,4
SkyAir,Ceiling_Mounted,RSRP140B,2017-04-01,0
SkyAir,Ceiling_Mounted,RSRP140B,2017-05-01,0
SkyAir,Ceiling_Mounted,RSRP140B,2017-06-01,0
SkyAir,Ceiling_Mounted,RSRP140BA,2016-02-01,31
SkyAir,Ceiling_Mounted,RSRP140BA,2016-03-01,99
SkyAir,Ceiling_Mounted,RSRP140BA,2016-04-01,110
SkyAir,Ceiling_Mounted,RSRP140BA,2016-05-01,168
SkyAir,Ceiling_Mounted,RSRP140BA,2016-06-01,274
SkyAir,Ceiling_Mounted,RSRP140BA,2016-07-01,352
SkyAir,Ceiling_Mounted,RSRP140BA,2016-08-01,302
SkyAir,Ceiling_Mounted,RSRP140BA,2016-09-01,314
SkyAir,Ceiling_Mounted,RSRP140BA,2016-10-01,288
SkyAir,Ceiling_Mounted,RSRP140BA,2016-11-01,357
SkyAir,Ceiling_Mounted,RSRP140BA,2016-12-01,394
SkyAir,Ceiling_Mounted,RSRP140BA,2017-01-01,291
SkyAir,Ceiling_Mounted,RSRP140BA,2017-02-01,329
SkyAir,Ceiling_Mounted,RSRP140BA,2017-03-01,271
SkyAir,Ceiling_Mounted,RSRP140BA,2017-04-01,75
SkyAir,Ceiling_Mounted,RSRP140BA,2017-05-01,20
SkyAir,Ceiling_Mounted,RSRP140BA,2017-06-01,18
SkyAir,Ceiling_Mounted,RSRP140BA,2017-07-01,6
SkyAir,Ceiling_Mounted,RSRP140BA,2017-08-01,0
SkyAir,Ceiling_Mounted,RSRP140BA,2017-09-01,0
SkyAir,Ceiling_Mounted,RSRP140BA,2017-10-01,4
SkyAir,Ceiling_Mounted,RSRP140BA,2017-11-01,0
SkyAir,Ceiling_Mounted,RSRP140BA,2017-12-01,1
SkyAir,Ceiling_Mounted,RSRP140BB,2017-03-01,2
SkyAir,Ceiling_Mounted,RSRP140BB,2017-04-01,15
SkyAir,Ceiling_Mounted,RSRP140BB,2017-05-01,2
SkyAir,Ceiling_Mounted,RSRP140BB,2017-06-01,0
SkyAir,Ceiling_Mounted,RSRP140BB,2017-07-01,66
SkyAir,Ceiling_Mounted,RSRP140BB,2017-08-01,66
SkyAir,Ceiling_Mounted,RSRP140BB,2017-09-01,1
SkyAir,Ceiling_Mounted,RSRP140BB,2017-10-01,11
SkyAir,Ceiling_Mounted,RSRP140BB,2017-11-01,7
SkyAir,Ceiling_Mounted,RSRP140BB,2018-01-01,1
SkyAir,Ceiling_Mounted,RSRP140BB,2018-03-01,2
SkyAir,Ceiling_Suspended,RSRP56AVE,2014-05-01,2
SkyAir,Ceiling_Suspended,RSRP56AVE,2014-06-01,1
SkyAir,Ceiling_Suspended,RSRP56AVE,2014-09-01,3
SkyAir,Ceiling_Suspended,RSRP56AVE,2014-11-01,2
SkyAir,Ceiling_Suspended,RSRP56AVE,2014-12-01,2
SkyAir,Ceiling_Suspended,RSRP56AVE,2015-01-01,4
SkyAir,Ceiling_Suspended,RSRP56AVE,2015-02-01,2
SkyAir,Ceiling_Suspended,RSRP56AVE,2015-03-01,1
SkyAir,Ceiling_Suspended,RSRP56AVE,2015-07-01,2
SkyAir,Ceiling_Suspended,RSRP56BAVE,2016-04-01,1
SkyAir,Ceiling_Suspended,RSRP56BAVE,2016-08-01,0
SkyAir,Ceiling_Suspended,RSRP56BAVE,2017-01-01,1
SkyAir,Ceiling_Suspended,RSRP56BAVE,2017-02-01,3
SkyAir,Ceiling_Suspended,RSRP56BAVE,2017-04-01,1
SkyAir,Ceiling_Suspended,RSRP56BVE,2015-05-01,4
SkyAir,Ceiling_Suspended,RSRP56BVE,2015-06-01,2
SkyAir,Ceiling_Suspended,RSRP56BVE,2015-07-01,1
SkyAir,Ceiling_Suspended,RSRP56BVE,2015-08-01,1
SkyAir,Ceiling_Suspended,RSRP56BVE,2015-09-01,1
SkyAir,Ceiling_Suspended,RSRP56BVE,2015-11-01,1
SkyAir,Ceiling_Suspended,RSRP56BVE,2015-12-01,0
SkyAir,Ceiling_Suspended,RSRP56BVE,2016-01-01,3
SkyAir,Ceiling_Suspended,RSRP56BVE,2016-03-01,1
SkyAir,Ceiling_Suspended,RSRP56BVE,2016-05-01,0
SkyAir,Ceiling_Suspended,RSRP56BVE,2016-06-01,1
SkyAir,Ceiling_Suspended,RSRP56BVE,2016-07-01,2
SkyAir,Ceiling_Suspended,RSRP56BVE,2016-08-01,1
VRV,Floor_Standing_Type,FXYHP140MA,2014-04-01,9
VRV,Floor_Standing_Type,FXYHP140MA,2014-05-01,0
VRV,Floor_Standing_Type,FXYHP140MA,2014-06-01,1
VRV,Floor_Standing_Type,FXYHP140MB,2014-04-01,115
VRV,Floor_Standing_Type,FXYHP140MB,2014-05-01,204
VRV,Floor_Standing_Type,FXYHP140MB,2014-06-01,104
VRV,Floor_Standing_Type,FXYHP140MB,2014-07-01,327
VRV,Floor_Standing_Type,FXYHP140MB,2014-08-01,134
VRV,Floor_Standing_Type,FXYHP140MB,2014-09-01,125
VRV,Floor_Standing_Type,FXYHP140MB,2014-10-01,150
VRV,Floor_Standing_Type,FXYHP140MB,2014-11-01,126
VRV,Floor_Standing_Type,FXYHP140MB,2014-12-01,110
VRV,Floor_Standing_Type,FXYHP140MB,2015-01-01,68
VRV,Floor_Standing_Type,FXYHP140MB,2015-02-01,123
VRV,Floor_Standing_Type,FXYHP140MB,2015-03-01,223
VRV,Floor_Standing_Type,FXYHP140MB,2015-04-01,33
VRV,Floor_Standing_Type,FXYHP140MB,2015-05-01,19
VRV,Floor_Standing_Type,FXYHP140MB,2015-06-01,43
VRV,Floor_Standing_Type,FXYHP140MB,2015-07-01,2
VRV,Floor_Standing_Type,FXYHP140MB,2015-08-01,4
VRV,Floor_Standing_Type,FXYHP140MB,2015-09-01,0
VRV,Floor_Standing_Type,FXYHP140MB,2015-11-01,5
VRV,Floor_Standing_Type,FXYHP140MB,2015-12-01,4
VRV,Floor_Standing_Type,FXYHP140MB,2016-01-01,9
VRV,Floor_Standing_Type,FXYHP140MB,2016-03-01,0
VRV,Floor_Standing_Type,FXYHP140MB,2016-04-01,1
VRV,Floor_Standing_Type,FXYHP140MB,2016-08-01,0
VRV,Floor_Standing_Type,FXYHP140MB,2016-09-01,1
VRV,Floor_Standing_Type,FXYHP140MC,2015-03-01,10
VRV,Floor_Standing_Type,FXYHP140MC,2015-04-01,37
VRV,Floor_Standing_Type,FXYHP140MC,2015-05-01,46
VRV,Floor_Standing_Type,FXYHP140MC,2015-06-01,54
VRV,Floor_Standing_Type,FXYHP140MC,2015-07-01,315
VRV,Floor_Standing_Type,FXYHP140MC,2015-08-01,170
VRV,Floor_Standing_Type,FXYHP140MC,2015-09-01,111
VRV,Floor_Standing_Type,FXYHP140MC,2015-10-01,118
VRV,Floor_Standing_Type,FXYHP140MC,2015-11-01,65
VRV,Floor_Standing_Type,FXYHP140MC,2015-12-01,169
VRV,Floor_Standing_Type,FXYHP140MC,2016-01-01,112
VRV,Floor_Standing_Type,FXYHP140MC,2016-02-01,50
VRV,Floor_Standing_Type,FXYHP140MC,2016-03-01,131
VRV,Floor_Standing_Type,FXYHP140MC,2016-04-01,98
VRV,Floor_Standing_Type,FXYHP140MC,2016-05-01,57
VRV,Floor_Standing_Type,FXYHP140MC,2016-06-01,197
VRV,Floor_Standing_Type,FXYHP140MC,2016-07-01,353
VRV,Floor_Standing_Type,FXYHP140MC,2016-08-01,349
VRV,Floor_Standing_Type,FXYHP140MC,2016-09-01,169
VRV,Floor_Standing_Type,FXYHP140MC,2016-10-01,337
VRV,Floor_Standing_Type,FXYHP140MC,2016-11-01,125
VRV,Floor_Standing_Type,FXYHP140MC,2016-12-01,93
VRV,Floor_Standing_Type,FXYHP140MC,2017-01-01,101
VRV,Floor_Standing_Type,FXYHP140MC,2017-02-01,106
VRV,Floor_Standing_Type,FXYHP140MC,2017-03-01,174
VRV,Floor_Standing_Type,FXYHP140MC,2017-04-01,58
VRV,Floor_Standing_Type,FXYHP140MC,2017-05-01,2
VRV,Floor_Standing_Type,FXYHP140MC,2017-06-01,8
VRV,Floor_Standing_Type,FXYHP140MC,2017-07-01,4
VRV,Floor_Standing_Type,FXYHP140MC,2017-08-01,1
VRV,Floor_Standing_Type,FXYHP140MD,2017-04-01,3
VRV,Floor_Standing_Type,FXYHP140MD,2017-05-01,14
VRV,Floor_Standing_Type,FXYHP140MD,2017-06-01,1
VRV,Floor_Standing_Type,FXYHP140MD,2017-07-01,2
VRV,Floor_Standing_Type,FXYHP140MD,2017-08-01,4
VRV,Clean_Room_AC,RQYP224C9,2014-04-01,191
VRV,Clean_Room_AC,RQYP224C9,2014-05-01,230
VRV,Clean_Room_AC,RQYP224C9,2014-06-01,206
VRV,Clean_Room_AC,RQYP224C9,2014-07-01,242
VRV,Clean_Room_AC,RQYP224C9,2014-08-01,209
VRV,Clean_Room_AC,RQYP224C9,2014-09-01,181
VRV,Clean_Room_AC,RQYP224C9,2014-10-01,337
VRV,Clean_Room_AC,RQYP224C9,2014-11-01,243
VRV,Clean_Room_AC,RQYP224C9,2014-12-01,139
VRV,Clean_Room_AC,RQYP224C9,2015-01-01,135
VRV,Clean_Room_AC,RQYP224C9,2015-02-01,200
VRV,Clean_Room_AC,RQYP224C9,2015-03-01,147
VRV,Clean_Room_AC,RQYP224C9,2015-04-01,88
VRV,Clean_Room_AC,RQYP224C9,2015-05-01,54
VRV,Clean_Room_AC,RQYP224C9,2015-06-01,14
VRV,Clean_Room_AC,RQYP224C9,2015-07-01,2
VRV,Clean_Room_AC,RQYP224C9,2015-08-01,0
VRV,Clean_Room_AC,RQYP224C9,2015-09-01,4
VRV,Clean_Room_AC,RQYP224C9,2015-10-01,0
VRV,Clean_Room_AC,RQYP224C9,2015-11-01,0
VRV,Clean_Room_AC,RQYP224C9,2016-03-01,0
VRV,Clean_Room_AC,RQYP224C9,2016-04-01,0
VRV,Clean_Room_AC,RQYP224C9,2016-05-01,0
VRV,Clean_Room_AC,RQYP224C9,2016-06-01,0
VRV,Clean_Room_AC,RQYP224C9,2016-11-01,0
VRV,Clean_Room_AC,RQYP224C9,2017-03-01,0
VRV,Clean_Room_AC,RQYP224C9,2017-05-01,0
VRV,Clean_Room_AC,RQYP224C9,2017-07-01,0
VRV,Clean_Room_AC,RQYP224C9,2017-11-01,0
VRV,Clean_Room_AC,RQYP224C9,2017-12-01,0
VRV,Clean_Room_AC,RQYP224C9,2018-05-01,0
VRV,Clean_Room_AC,RQYP224D,2015-02-01,1
VRV,Clean_Room_AC,RQYP224D,2015-03-01,45
VRV,Clean_Room_AC,RQYP224D,2015-04-01,195
VRV,Clean_Room_AC,RQYP224D,2015-05-01,223
VRV,Clean_Room_AC,RQYP224D,2015-06-01,262
VRV,Clean_Room_AC,RQYP224D,2015-07-01,298
VRV,Clean_Room_AC,RQYP224D,2015-08-01,248
VRV,Clean_Room_AC,RQYP224D,2015-09-01,369
VRV,Clean_Room_AC,RQYP224D,2015-10-01,332
VRV,Clean_Room_AC,RQYP224D,2015-11-01,208
VRV,Clean_Room_AC,RQYP224D,2015-12-01,7
VRV,Clean_Room_AC,RQYP224D,2016-01-01,0
VRV,Clean_Room_AC,RQYP224D,2016-02-01,2
VRV,Clean_Room_AC,RQYP224D,2016-03-01,0
VRV,Clean_Room_AC,RQYP224D,2016-04-01,3
VRV,Clean_Room_AC,RQYP224D,2016-05-01,0
VRV,Clean_Room_AC,RQYP224D,2016-06-01,0
VRV,Clean_Room_AC,RQYP224D,2016-07-01,0
VRV,Clean_Room_AC,RQYP224D,2016-08-01,0
VRV,Clean_Room_AC,RQYP224D,2016-10-01,0
VRV,Clean_Room_AC,RQYP224D,2016-11-01,0
VRV,Clean_Room_AC,RQYP224D,2016-12-01,0
VRV,Clean_Room_AC,RQYP224D9,2015-11-01,202
VRV,Clean_Room_AC,RQYP224D9,2015-12-01,217
VRV,Clean_Room_AC,RQYP224D9,2016-01-01,205
VRV,Clean_Room_AC,RQYP224D9,2016-02-01,227
VRV,Clean_Room_AC,RQYP224D9,2016-03-01,296
VRV,Clean_Room_AC,RQYP224D9,2016-04-01,182
VRV,Clean_Room_AC,RQYP224D9,2016-05-01,129
VRV,Clean_Room_AC,RQYP224D9,2016-06-01,38
VRV,Clean_Room_AC,RQYP224D9,2016-07-01,41
VRV,Clean_Room_AC,RQYP224D9,2016-08-01,17
VRV,Clean_Room_AC,RQYP224D9,2016-09-01,13
VRV,Clean_Room_AC,RQYP224D9,2016-10-01,5
VRV,Clean_Room_AC,RQYP224D9,2016-11-01,0
VRV,Clean_Room_AC,RQYP224D9,2016-12-01,1
VRV,Clean_Room_AC,RQYP224D9,2017-02-01,0
VRV,Clean_Room_AC,RQYP224D9,2017-03-01,1
VRV,Clean_Room_AC,RQYP224DA,2016-04-01,117
VRV,Clean_Room_AC,RQYP224DA,2016-05-01,171
VRV,Clean_Room_AC,RQYP224DA,2016-06-01,227
VRV,Clean_Room_AC,RQYP224DA,2016-07-01,279
VRV,Clean_Room_AC,RQYP224DA,2016-08-01,251
VRV,Clean_Room_AC,RQYP224DA,2016-09-01,260
VRV,Clean_Room_AC,RQYP224DA,2016-10-01,403
VRV,Clean_Room_AC,RQYP224DA,2016-11-01,436
VRV,Clean_Room_AC,RQYP224DA,2016-12-01,295
VRV,Clean_Room_AC,RQYP224DA,2017-01-01,187
VRV,Clean_Room_AC,RQYP224DA,2017-02-01,239
VRV,Clean_Room_AC,RQYP224DA,2017-03-01,281
VRV,Clean_Room_AC,RQYP224DA,2017-04-01,126
VRV,Clean_Room_AC,RQYP224DA,2017-05-01,57
VRV,Clean_Room_AC,RQYP224DA,2017-06-01,16
VRV,Clean_Room_AC,RQYP224DA,2017-07-01,4
VRV,Clean_Room_AC,RQYP224DA,2017-08-01,4
VRV,Clean_Room_AC,RQYP224DA,2017-09-01,1
VRV,Clean_Room_AC,RQYP224DA,2017-10-01,1
VRV,Clean_Room_AC,RQYP224DA,2017-11-01,5
VRV,Clean_Room_AC,RQYP224DA,2017-12-01,1
VRV,Clean_Room_AC,RQYP224DA,2018-01-01,0
VRV,Clean_Room_AC,RQYP224DA,2018-03-01,2
VRV,Clean_Room_AC,RQYP224DA,2018-05-01,1
