heading_id,packages
QuickPeek,"grDevices,shinyjs,shiny,DT"
DataPreparation,"DT,shiny,utils,tm,tokenizers,textstem"
BasicDataPreparation,"shiny,DT,tm,utils,tokenizers,textstem"
AdvancedDataPreparation,"shiny,tm,utils,DT,reshape2,tokenizers,textstem"
FeatureGeneration,"shiny,wordVectors,shinyjs,tm,utils,DT,reshape,ggplot2,RDRPOSTagger,text2vec,tsne,stats,phrasemachine,plyr,tidytext,tidyr,dplyr,grDevices,wordcloud,quanteda,NLP,igraph,openNLP,openNLPmodels.en"
ExploratoryAnalysis,"shiny,tm,utils,ggplot2,igraph,phrasemachine,RDRPOSTagger,plyr,tidytext,tidyr,dplyr,grDevices,wordcloud,zoom,quanteda,NLP,openNLP,openNLPmodels.en"
TopicModel,"shiny,tm,grDevices,RColorBrewer,ggplot2,treemap,tidytext,tidyr,topicmodels,reshape,tidytext,dplyr"
SentimentAnalysis,shiny
SentimentAnalysisUsingLexicons,"shiny,dplyr,tidytext,ggplot2,caret"
SentimentAnalysisUsingRNN,"shiny,dplyr,utils,DT,coreNLP,openNLPmodels.en"
