[{"Package":"abind","Version":"1.4-5"},{"Package":"assertthat","Version":"0.2.0"},{"Package":"backports","Version":"1.1.2"},{"Package":"base64enc","Version":"0.1-3"},{"Package":"BH","Version":"1.66.0-1"},{"Package":"bindr","Version":"0.1.1"},{"Package":"bindrcpp","Version":"0.2.2"},{"Package":"bit","Version":"1.1-14"},{"Package":"bit64","Version":"0.9-7"},{"Package":"blob","Version":"1.1.1"},{"Package":"broom","Version":"0.5.0"},{"Package":"Cairo","Version":"1.5-9"},{"Package":"callr","Version":"3.0.0"},{"Package":"caret","Version":"6.0-80"},{"Package":"cli","Version":"1.0.0"},{"Package":"clipr","Version":"0.4.1"},{"Package":"clisymbols","Version":"1.2.0"},{"Package":"coda","Version":"0.19-1"},{"Package":"colorspace","Version":"1.3-2"},{"Package":"colourpicker","Version":"1.0"},{"Package":"coreNLP","Version":"0.4-2"},{"Package":"crayon","Version":"1.3.4"},{"Package":"crosstalk","Version":"1.0.0"},{"Package":"curl","Version":"3.2"},{"Package":"CVST","Version":"0.2-2"},{"Package":"data.table","Version":"1.11.6"},{"Package":"DBI","Version":"1.0.0"},{"Package":"ddalpha","Version":"1.3.4"},{"Package":"DEoptimR","Version":"1.0-8"},{"Package":"desc","Version":"1.2.0"},{"Package":"devtools","Version":"1.13.6"},{"Package":"digest","Version":"0.6.17"},{"Package":"dimRed","Version":"0.1.0"},{"Package":"dplyr","Version":"0.7.6"},{"Package":"DRR","Version":"0.0.3"},{"Package":"DT","Version":"0.4"},{"Package":"dtt","Version":"0.1-2"},{"Package":"english","Version":"1.1-4"},{"Package":"evaluate","Version":"0.11"},{"Package":"extrafont","Version":"0.17"},{"Package":"extrafontdb","Version":"1.0"},{"Package":"fansi","Version":"0.3.0"},{"Package":"fastmatch","Version":"1.1-0"},{"Package":"foreach","Version":"1.4.4"},{"Package":"formatR","Version":"1.5"},{"Package":"fs","Version":"1.2.6"},{"Package":"futile.logger","Version":"1.4.3"},{"Package":"futile.options","Version":"1.0.1"},{"Package":"geometry","Version":"0.3-6"},{"Package":"ggplot2","Version":"3.0.0"},{"Package":"ggrepel","Version":"0.8.0"},{"Package":"gh","Version":"1.0.1"},{"Package":"git2r","Version":"0.23.0"},{"Package":"glue","Version":"1.3.0"},{"Package":"gower","Version":"0.1.2"},{"Package":"gridBase","Version":"0.4-7"},{"Package":"gridExtra","Version":"2.3"},{"Package":"gtable","Version":"0.2.0"},{"Package":"highr","Version":"0.7"},{"Package":"hms","Version":"0.4.2"},{"Package":"htmltools","Version":"0.3.6"},{"Package":"htmlwidgets","Version":"1.2"},{"Package":"httpuv","Version":"1.4.5"},{"Package":"httr","Version":"1.3.1"},{"Package":"hunspell","Version":"2.9"},{"Package":"igraph","Version":"1.2.2"},{"Package":"ini","Version":"0.3.1"},{"Package":"ipred","Version":"0.9-7"},{"Package":"irlba","Version":"2.3.2"},{"Package":"ISOcodes","Version":"2018.06.29"},{"Package":"iterators","Version":"1.0.10"},{"Package":"janeaustenr","Version":"0.1.5"},{"Package":"jsonlite","Version":"1.5"},{"Package":"kernlab","Version":"0.9-27"},{"Package":"knitr","Version":"1.20"},{"Package":"koRpus","Version":"0.10-2"},{"Package":"koRpus.lang.en","Version":"0.1-2"},{"Package":"labeling","Version":"0.3"},{"Package":"lambda.r","Version":"1.2.3"},{"Package":"later","Version":"0.7.5"},{"Package":"lava","Version":"1.6.3"},{"Package":"lazyeval","Version":"0.2.1"},{"Package":"lexicon","Version":"1.1.3"},{"Package":"lubridate","Version":"1.7.4"},{"Package":"magic","Version":"1.5-9"},{"Package":"magrittr","Version":"1.5"},{"Package":"markdown","Version":"0.8"},{"Package":"memoise","Version":"1.1.0"},{"Package":"mgsub","Version":"1.5.0"},{"Package":"mime","Version":"0.5"},{"Package":"miniUI","Version":"0.1.1.1"},{"Package":"mlapi","Version":"0.1.0"},{"Package":"ModelMetrics","Version":"1.2.0"},{"Package":"modeltools","Version":"0.2-22"},{"Package":"munsell","Version":"0.5.0"},{"Package":"network","Version":"1.13.0.1"},{"Package":"NLP","Version":"0.1-11"},{"Package":"numDeriv","Version":"2016.8-1"},{"Package":"odbc","Version":"1.1.6"},{"Package":"openNLP","Version":"0.2-6"},{"Package":"openNLPdata","Version":"1.5.3-4"},{"Package":"openssl","Version":"1.0.2"},{"Package":"pander","Version":"0.6.2"},{"Package":"phrasemachine","Version":"1.1.2"},{"Package":"pillar","Version":"1.3.0"},{"Package":"pkgbuild","Version":"1.0.2"},{"Package":"pkgconfig","Version":"2.0.2"},{"Package":"pkgload","Version":"1.0.2"},{"Package":"plogr","Version":"0.2.0"},{"Package":"pls","Version":"2.7-0"},{"Package":"plyr","Version":"1.8.4"},{"Package":"png","Version":"0.1-7"},{"Package":"prettyunits","Version":"1.0.2"},{"Package":"processx","Version":"3.2.0"},{"Package":"prodlim","Version":"2018.04.18"},{"Package":"promises","Version":"1.0.1"},{"Package":"ps","Version":"1.1.0"},{"Package":"purrr","Version":"0.2.5"},{"Package":"qdapRegex","Version":"0.7.2"},{"Package":"quanteda","Version":"1.3.4"},{"Package":"R6","Version":"2.2.2"},{"Package":"rcmdcheck","Version":"1.3.2"},{"Package":"RColorBrewer","Version":"1.1-2"},{"Package":"Rcpp","Version":"0.12.18"},{"Package":"RcppArmadillo","Version":"0.9.100.5.0"},{"Package":"RcppEigen","Version":"0.3.3.4.0"},{"Package":"RcppParallel","Version":"4.4.1"},{"Package":"RcppRoll","Version":"0.3.0"},{"Package":"recipes","Version":"0.1.3"},{"Package":"REEMtree","Version":"0.90.3"},{"Package":"remotes","Version":"2.0.2"},{"Package":"reshape2","Version":"1.4.3"},{"Package":"reticulate","Version":"1.10"},{"Package":"RJDBC","Version":"0.2-7.1"},{"Package":"rjson","Version":"0.2.20"},{"Package":"rlang","Version":"0.2.2"},{"Package":"rmarkdown","Version":"1.10"},{"Package":"robustbase","Version":"0.93-3"},{"Package":"rpart.plot","Version":"3.0.4"},{"Package":"rprojroot","Version":"1.3-2"},{"Package":"RSpectra","Version":"0.13-1"},{"Package":"RSQLite","Version":"2.1.1"},{"Package":"rstudioapi","Version":"0.7"},{"Package":"Rttf2pt1","Version":"1.3.7"},{"Package":"scales","Version":"1.0.0"},{"Package":"sessioninfo","Version":"1.1.1"},{"Package":"sfsmisc","Version":"1.1-2"},{"Package":"shiny","Version":"1.1.0"},{"Package":"shinyBS","Version":"0.61"},{"Package":"shinyFiles","Version":"0.7.1"},{"Package":"shinyjs","Version":"1.0"},{"Package":"slam","Version":"0.1-43"},{"Package":"sna","Version":"2.4"},{"Package":"SnowballC","Version":"0.5.1"},{"Package":"sourcetools","Version":"0.1.7"},{"Package":"spacyr","Version":"0.9.91"},{"Package":"sparsepp","Version":"1.22"},{"Package":"SQUAREM","Version":"2017.10-1"},{"Package":"statnet.common","Version":"4.1.4"},{"Package":"stopwords","Version":"0.9.0"},{"Package":"stringi","Version":"1.2.4"},{"Package":"stringr","Version":"1.3.1"},{"Package":"sylly","Version":"0.1-5"},{"Package":"sylly.en","Version":"0.1-3"},{"Package":"syuzhet","Version":"1.0.4"},{"Package":"text2vec","Version":"0.5.1"},{"Package":"textclean","Version":"0.9.3"},{"Package":"textshape","Version":"1.6.0"},{"Package":"textstem","Version":"0.1.4"},{"Package":"tibble","Version":"1.4.2"},{"Package":"tidyr","Version":"0.8.1"},{"Package":"tidyselect","Version":"0.2.4"},{"Package":"tidytext","Version":"0.2.0"},{"Package":"timeDate","Version":"3043.102"},{"Package":"tinytex","Version":"0.8"},{"Package":"tm","Version":"0.7-5"},{"Package":"tokenizers","Version":"0.2.1"},{"Package":"topicmodels","Version":"0.2-7"},{"Package":"treemap","Version":"2.4-2"},{"Package":"tsne","Version":"0.1-3"},{"Package":"usethis","Version":"1.4.0"},{"Package":"utf8","Version":"1.1.4"},{"Package":"viridisLite","Version":"0.3.0"},{"Package":"whisker","Version":"0.3-2"},{"Package":"withr","Version":"2.1.2"},{"Package":"wordcloud","Version":"2.6"},{"Package":"xfun","Version":"0.3"},{"Package":"XML","Version":"3.98-1.16"},{"Package":"xml2","Version":"1.2.0"},{"Package":"xopen","Version":"1.0.0"},{"Package":"xtable","Version":"1.8-3"},{"Package":"yaml","Version":"2.2.0"},{"Package":"zoo","Version":"1.8-4"},{"Package":"rJava","Version":"0.9-9"},{"Package":"class","Version":"7.3-14"},{"Package":"codetools","Version":"0.2-15"},{"Package":"KernSmooth","Version":"2.23-15"},{"Package":"lattice","Version":"0.20-35"},{"Package":"MASS","Version":"7.3-49"},{"Package":"Matrix","Version":"1.2-12"},{"Package":"mgcv","Version":"1.8-23"},{"Package":"nlme","Version":"3.1-131"},{"Package":"nnet","Version":"7.3-12"},{"Package":"rpart","Version":"4.1-13"},{"Package":"survival","Version":"2.41-3"}]
