[{"package":"abind","version":"1.4-5"},{"package":"acepack","version":"1.4.1"},{"package":"arm","version":"1.9-3"},{"package":"assertthat","version":"0.2.0"},{"package":"backports","version":"1.1.2"},{"package":"base64enc","version":"0.1-3"},{"package":"BDgraph","version":"2.45"},{"package":"BH","version":"1.66.0-1"},{"package":"bindr","version":"0.1.1"},{"package":"bindrcpp","version":"0.2.2"},{"package":"bit","version":"1.1-12"},{"package":"bit64","version":"0.9-7"},{"package":"bitops","version":"1.0-6"},{"package":"blob","version":"1.1.1"},{"package":"broom","version":"0.4.4"},{"package":"caret","version":"6.0-80"},{"package":"caTools","version":"1.17.1"},{"package":"checkmate","version":"1.8.5"},{"package":"cli","version":"1.0.0"},{"package":"coda","version":"0.19-1"},{"package":"colorspace","version":"1.3-2"},{"package":"colourpicker","version":"1.0"},{"package":"compare","version":"0.2-6"},{"package":"corpcor","version":"1.6.9"},{"package":"crayon","version":"1.3.4"},{"package":"crosstalk","version":"1.0.0"},{"package":"curl","version":"3.2"},{"package":"CVST","version":"0.2-1"},{"package":"d3Network","version":"0.5.2.1"},{"package":"data.table","version":"1.11.4"},{"package":"DBI","version":"0.8"},{"package":"ddalpha","version":"1.3.2"},{"package":"deepnet","version":"0.2"},{"package":"denpro","version":"0.9.2"},{"package":"DEoptimR","version":"1.0-8"},{"package":"devtools","version":"1.13.5"},{"package":"dichromat","version":"2.0-0"},{"package":"digest","version":"0.6.15"},{"package":"dimRed","version":"0.1.0"},{"package":"dplyr","version":"0.7.5"},{"package":"DRR","version":"0.0.3"},{"package":"DT","version":"0.4"},{"package":"dummies","version":"1.5.6"},{"package":"e1071","version":"1.6-8"},{"package":"earth","version":"4.6.2"},{"package":"edarf","version":"1.1.1"},{"package":"ellipse","version":"0.4.1"},{"package":"evaluate","version":"0.10.1"},{"package":"fdrtool","version":"1.2.15"},{"package":"flexmix","version":"2.3-14"},{"package":"foreach","version":"1.4.4"},{"package":"Formula","version":"1.2-2"},{"package":"gdata","version":"2.18.0"},{"package":"geometry","version":"0.3-6"},{"package":"ggm","version":"2.3"},{"package":"ggplot2","version":"2.2.1"},{"package":"git2r","version":"0.21.0"},{"package":"glasso","version":"1.8"},{"package":"glmnet","version":"2.0-16"},{"package":"glue","version":"1.2.0"},{"package":"gower","version":"0.1.2"},{"package":"gplots","version":"3.0.1"},{"package":"gridExtra","version":"2.3"},{"package":"gtable","version":"0.2.0"},{"package":"gtools","version":"3.5.0"},{"package":"highr","version":"0.6"},{"package":"Hmisc","version":"4.1-1"},{"package":"hms","version":"0.4.2"},{"package":"htmlTable","version":"1.11.2"},{"package":"htmltools","version":"0.3.6"},{"package":"htmlwidgets","version":"1.0"},{"package":"httpuv","version":"1.4.3"},{"package":"httr","version":"1.3.1"},{"package":"huge","version":"1.2.7"},{"package":"igraph","version":"1.2.1"},{"package":"inum","version":"1.0-0"},{"package":"ipred","version":"0.9-6"},{"package":"iterators","version":"1.0.9"},{"package":"jpeg","version":"0.1-8"},{"package":"jsonlite","version":"1.5"},{"package":"kernlab","version":"0.9-25"},{"package":"knitr","version":"1.20"},{"package":"labeling","version":"0.3"},{"package":"lars","version":"1.2"},{"package":"later","version":"0.7.2"},{"package":"latticeExtra","version":"0.6-28"},{"package":"lava","version":"1.6.1"},{"package":"lavaan","version":"0.5-23.1097"},{"package":"lazyeval","version":"0.2.1"},{"package":"libcoin","version":"1.0-1"},{"package":"lme4","version":"1.1-17"},{"package":"lubridate","version":"1.7.3"},{"package":"magic","version":"1.5-8"},{"package":"magrittr","version":"1.5"},{"package":"markdown","version":"0.8"},{"package":"matrixcalc","version":"1.0-3"},{"package":"MatrixModels","version":"0.4-1"},{"package":"memoise","version":"1.1.0"},{"package":"mfp","version":"1.5.2"},{"package":"mi","version":"1.0"},{"package":"mime","version":"0.5"},{"package":"miniUI","version":"0.1.1"},{"package":"minqa","version":"1.2.4"},{"package":"MLmetrics","version":"1.1.1"},{"package":"mmpf","version":"0.0.4"},{"package":"mnormt","version":"1.5-5"},{"package":"ModelMetrics","version":"1.1.0"},{"package":"modeltools","version":"0.2-21"},{"package":"mRMRe","version":"2.0.7"},{"package":"multcomp","version":"1.4-8"},{"package":"munsell","version":"0.5.0"},{"package":"mvtnorm","version":"1.0-7"},{"package":"network","version":"1.13.0.1"},{"package":"nloptr","version":"1.0.4"},{"package":"numDeriv","version":"2016.8-1"},{"package":"odbc","version":"1.1.5"},{"package":"openssl","version":"1.0.1"},{"package":"pander","version":"0.6.1"},{"package":"partykit","version":"1.2-1"},{"package":"pbapply","version":"1.3-4"},{"package":"pbivnorm","version":"0.6.0"},{"package":"pillar","version":"1.2.1"},{"package":"pkgconfig","version":"2.0.1"},{"package":"plogr","version":"0.2.0"},{"package":"plotmo","version":"3.3.6"},{"package":"plotrix","version":"3.7"},{"package":"pls","version":"2.6-0"},{"package":"plyr","version":"1.8.4"},{"package":"png","version":"0.1-7"},{"package":"polspline","version":"1.1.12"},{"package":"prettyunits","version":"1.0.2"},{"package":"prodlim","version":"1.6.1"},{"package":"promises","version":"1.0.1"},{"package":"psych","version":"1.8.3.3"},{"package":"purrr","version":"0.2.5"},{"package":"qgraph","version":"1.4.4"},{"package":"quantreg","version":"5.35"},{"package":"R6","version":"2.2.2"},{"package":"ranger","version":"0.9.0"},{"package":"RColorBrewer","version":"1.1-2"},{"package":"Rcpp","version":"0.12.17"},{"package":"RcppEigen","version":"0.3.3.4.0"},{"package":"RcppRoll","version":"0.2.2"},{"package":"recipes","version":"0.1.2"},{"package":"regpro","version":"0.1.1"},{"package":"reshape","version":"0.8.7"},{"package":"reshape2","version":"1.4.3"},{"package":"rJava","version":"0.9-9"},{"package":"RJDBC","version":"0.2-7"},{"package":"rjson","version":"0.2.15"},{"package":"RJSONIO","version":"1.3-0"},{"package":"rlang","version":"0.2.0.9001"},{"package":"rmarkdown","version":"1.9"},{"package":"rms","version":"5.1-2"},{"package":"RMySQL","version":"0.10.14"},{"package":"robustbase","version":"0.92-8"},{"package":"ROCR","version":"1.0-7"},{"package":"RPostgreSQL","version":"0.6-2"},{"package":"rprojroot","version":"1.3-2"},{"package":"rqPen","version":"2.0"},{"package":"RSQLite","version":"2.1.0"},{"package":"rstudioapi","version":"0.7"},{"package":"sandwich","version":"2.4-0"},{"package":"scales","version":"0.5.0.9000"},{"package":"sem","version":"3.1-9"},{"package":"sfsmisc","version":"1.1-2"},{"package":"shiny","version":"1.1.0"},{"package":"shinyBS","version":"0.61"},{"package":"shinyFiles","version":"0.6.2"},{"package":"shinyjs","version":"1.0"},{"package":"shrink","version":"1.2.1"},{"package":"sna","version":"2.4"},{"package":"sourcetools","version":"0.1.6"},{"package":"SparseM","version":"1.77"},{"package":"SQUAREM","version":"2017.10-1"},{"package":"statnet.common","version":"4.0.0"},{"package":"stringi","version":"1.2.3"},{"package":"stringr","version":"1.3.1"},{"package":"TeachingDemos","version":"2.10"},{"package":"TH.data","version":"1.0-8"},{"package":"tibble","version":"1.4.2"},{"package":"tidyr","version":"0.8.1"},{"package":"tidyselect","version":"0.2.4"},{"package":"timeDate","version":"3043.102"},{"package":"tinytex","version":"0.5"},{"package":"utf8","version":"1.1.3"},{"package":"viridis","version":"0.5.1"},{"package":"viridisLite","version":"0.3.0"},{"package":"visreg","version":"2.5-0"},{"package":"whisker","version":"0.3-2"},{"package":"withr","version":"2.1.2"},{"package":"xgboost","version":"0.71.1"},{"package":"xtable","version":"1.8-2"},{"package":"yaml","version":"2.1.18"},{"package":"zoo","version":"1.8-1"},{"package":"boot","version":"1.3-20"},{"package":"class","version":"7.3-14"},{"package":"cluster","version":"2.0.7"},{"package":"codetools","version":"0.2-15"},{"package":"foreign","version":"0.8-69"},{"package":"grid","version":"3.4.4"},{"package":"KernSmooth","version":"2.23-15"},{"package":"lattice","version":"0.20-35"},{"package":"MASS","version":"7.3-49"},{"package":"Matrix","version":"1.2-13"},{"package":"mgcv","version":"1.8-23"},{"package":"nlme","version":"3.1-137"},{"package":"nnet","version":"7.3-12"},{"package":"rpart","version":"4.1-13"},{"package":"survival","version":"2.41-3"}]
