[{"Package":"abind","Version":"1.4-5"},{"Package":"assertthat","Version":"0.2.0"},{"Package":"backports","Version":"1.1.2"},{"Package":"base64enc","Version":"0.1-3"},{"Package":"BH","Version":"1.66.0-1"},{"Package":"bindr","Version":"0.1.1"},{"Package":"bindrcpp","Version":"0.2.2"},{"Package":"bit","Version":"1.1-12"},{"Package":"bit64","Version":"0.9-7"},{"Package":"bitops","Version":"1.0-6"},{"Package":"blob","Version":"1.1.1"},{"Package":"car","Version":"3.0-0"},{"Package":"carData","Version":"3.0-1"},{"Package":"caTools","Version":"1.17.1"},{"Package":"cellranger","Version":"1.1.0"},{"Package":"checkmate","Version":"1.8.5"},{"Package":"cli","Version":"1.0.0"},{"Package":"colorspace","Version":"1.3-2"},{"Package":"colourpicker","Version":"1.0"},{"Package":"corrgram","Version":"1.12"},{"Package":"corrplot","Version":"0.84"},{"Package":"corrr","Version":"0.2.1"},{"Package":"crayon","Version":"1.3.4"},{"Package":"crosstalk","Version":"1.0.0"},{"Package":"curl","Version":"3.2"},{"Package":"DandEFA","Version":"1.6"},{"Package":"data.table","Version":"1.11.4"},{"Package":"DBI","Version":"0.8"},{"Package":"deldir","Version":"0.1-15"},{"Package":"dendextend","Version":"1.7.0"},{"Package":"DEoptimR","Version":"1.0-8"},{"Package":"dichromat","Version":"2.0-0"},{"Package":"digest","Version":"0.6.15"},{"Package":"diptest","Version":"0.75-7"},{"Package":"dplyr","Version":"0.7.4"},{"Package":"DT","Version":"0.4"},{"Package":"dummies","Version":"1.5.6"},{"Package":"dygraphs","Version":"1.1.1.4"},{"Package":"e1071","Version":"1.6-8"},{"Package":"earth","Version":"4.6.2"},{"Package":"egcm","Version":"1.0.12"},{"Package":"evaluate","Version":"0.10.1"},{"Package":"extraDistr","Version":"1.8.8"},{"Package":"flexmix","Version":"2.3-14"},{"Package":"forcats","Version":"0.3.0"},{"Package":"foreach","Version":"1.4.4"},{"Package":"forecast","Version":"8.3"},{"Package":"fpc","Version":"2.1-11"},{"Package":"fracdiff","Version":"1.4-2"},{"Package":"gclus","Version":"1.3.1"},{"Package":"gdata","Version":"2.18.0"},{"Package":"GGally","Version":"1.3.2"},{"Package":"ggfortify","Version":"0.4.3"},{"Package":"ggplot2","Version":"2.2.1"},{"Package":"ggrepel","Version":"0.7.0"},{"Package":"glue","Version":"1.2.0"},{"Package":"GPArotation","Version":"2014.11-1"},{"Package":"gplots","Version":"3.0.1"},{"Package":"gridExtra","Version":"2.3"},{"Package":"gtable","Version":"0.2.0"},{"Package":"gtools","Version":"3.5.0"},{"Package":"haven","Version":"1.1.1"},{"Package":"hexbin","Version":"1.27.2"},{"Package":"highr","Version":"0.6"},{"Package":"hms","Version":"0.4.2"},{"Package":"htmlTable","Version":"1.11.2"},{"Package":"htmltools","Version":"0.3.6"},{"Package":"htmlwidgets","Version":"1.0"},{"Package":"hts","Version":"5.1.5"},{"Package":"httpuv","Version":"1.4.3"},{"Package":"httr","Version":"1.3.1"},{"Package":"igraph","Version":"1.2.1"},{"Package":"imputeTS","Version":"2.6"},{"Package":"inline","Version":"0.3.14"},{"Package":"iterators","Version":"1.0.9"},{"Package":"jsonlite","Version":"1.5"},{"Package":"kernlab","Version":"0.9-25"},{"Package":"KFAS","Version":"1.3.1"},{"Package":"knitr","Version":"1.20"},{"Package":"labeling","Version":"0.3"},{"Package":"later","Version":"0.7.2"},{"Package":"lazyeval","Version":"0.2.1"},{"Package":"lme4","Version":"1.1-17"},{"Package":"lmtest","Version":"0.9-36"},{"Package":"lsr","Version":"0.5"},{"Package":"LSTS","Version":"1.0"},{"Package":"lubridate","Version":"1.7.3"},{"Package":"magrittr","Version":"1.5"},{"Package":"manipulateWidget","Version":"0.9.0"},{"Package":"maptools","Version":"0.9-2"},{"Package":"markdown","Version":"0.8"},{"Package":"matrixcalc","Version":"1.0-3"},{"Package":"MatrixModels","Version":"0.4-1"},{"Package":"mclust","Version":"5.4"},{"Package":"memoise","Version":"1.1.0"},{"Package":"mime","Version":"0.5"},{"Package":"miniUI","Version":"0.1.1"},{"Package":"minpack.lm","Version":"1.2-1"},{"Package":"minqa","Version":"1.2.4"},{"Package":"mnormt","Version":"1.5-5"},{"Package":"modeltools","Version":"0.2-21"},{"Package":"moments","Version":"0.14"},{"Package":"munsell","Version":"0.4.3"},{"Package":"mvtnorm","Version":"1.0-7"},{"Package":"nFactors","Version":"2.3.3"},{"Package":"nloptr","Version":"1.0.4"},{"Package":"odbc","Version":"1.1.5"},{"Package":"openssl","Version":"1.0.1"},{"Package":"openxlsx","Version":"4.0.17"},{"Package":"padr","Version":"0.4.0"},{"Package":"pander","Version":"0.6.1"},{"Package":"pbkrtest","Version":"0.4-7"},{"Package":"pillar","Version":"1.2.1"},{"Package":"pkgconfig","Version":"2.0.1"},{"Package":"plogr","Version":"0.2.0"},{"Package":"plotly","Version":"4.7.1"},{"Package":"plotmo","Version":"3.3.6"},{"Package":"plotrix","Version":"3.7"},{"Package":"plyr","Version":"1.8.4"},{"Package":"png","Version":"0.1-7"},{"Package":"polycor","Version":"0.7-9"},{"Package":"prabclus","Version":"2.2-6"},{"Package":"pracma","Version":"2.1.4"},{"Package":"praise","Version":"1.0.0"},{"Package":"prettyunits","Version":"1.0.2"},{"Package":"processx","Version":"3.1.0"},{"Package":"progress","Version":"1.1.2"},{"Package":"promises","Version":"1.0.1"},{"Package":"prophet","Version":"0.2.1"},{"Package":"psych","Version":"1.8.3.3"},{"Package":"purrr","Version":"0.2.4"},{"Package":"qap","Version":"0.1-1"},{"Package":"qpcR","Version":"1.4-0"},{"Package":"quadprog","Version":"1.5-5"},{"Package":"quantmod","Version":"0.4-12"},{"Package":"quantreg","Version":"5.35"},{"Package":"R6","Version":"2.2.2"},{"Package":"RColorBrewer","Version":"1.1-2"},{"Package":"Rcpp","Version":"0.12.17"},{"Package":"RcppArmadillo","Version":"0.8.400.0.0"},{"Package":"RcppEigen","Version":"0.3.3.4.0"},{"Package":"readr","Version":"1.1.1"},{"Package":"readxl","Version":"1.1.0"},{"Package":"registry","Version":"0.5"},{"Package":"rematch","Version":"1.0.1"},{"Package":"reshape","Version":"0.8.7"},{"Package":"reshape2","Version":"1.4.3"},{"Package":"rio","Version":"0.5.10"},{"Package":"rJava","Version":"0.9-9"},{"Package":"RJDBC","Version":"0.2-7"},{"Package":"rjson","Version":"0.2.15"},{"Package":"RJSONIO","Version":"1.3-0"},{"Package":"rlang","Version":"0.2.0.9001"},{"Package":"rmarkdown","Version":"1.9"},{"Package":"RMySQL","Version":"0.10.14"},{"Package":"robustbase","Version":"0.92-8"},{"Package":"RPostgreSQL","Version":"0.6-2"},{"Package":"rprojroot","Version":"1.3-2"},{"Package":"RSQLite","Version":"2.1.0"},{"Package":"rstan","Version":"2.17.3"},{"Package":"rstudioapi","Version":"0.7"},{"Package":"rucm","Version":"0.6"},{"Package":"sandwich","Version":"2.4-0"},{"Package":"scales","Version":"0.5.0.9000"},{"Package":"seriation","Version":"1.2-3"},{"Package":"shiny","Version":"1.1.0"},{"Package":"shinyBS","Version":"0.61"},{"Package":"shinyFiles","Version":"0.6.2"},{"Package":"shinyjs","Version":"1.0"},{"Package":"sourcetools","Version":"0.1.6"},{"Package":"sp","Version":"1.2-7"},{"Package":"spaa","Version":"0.2.2"},{"Package":"SparseM","Version":"1.77"},{"Package":"StanHeaders","Version":"2.17.2"},{"Package":"stinepack","Version":"1.3"},{"Package":"stringi","Version":"1.2.3"},{"Package":"stringr","Version":"1.3.1"},{"Package":"strucchange","Version":"1.5-1"},{"Package":"TeachingDemos","Version":"2.10"},{"Package":"testthat","Version":"2.0.0"},{"Package":"tibble","Version":"1.4.2"},{"Package":"tidyr","Version":"0.8.0"},{"Package":"tidyselect","Version":"0.2.4"},{"Package":"timeDate","Version":"3043.102"},{"Package":"timeSeries","Version":"3042.102"},{"Package":"trimcluster","Version":"0.1-2"},{"Package":"tseries","Version":"0.10-43"},{"Package":"TSP","Version":"1.1-5"},{"Package":"TTR","Version":"0.23-3"},{"Package":"urca","Version":"1.3-0"},{"Package":"uroot","Version":"2.0-9"},{"Package":"utf8","Version":"1.1.3"},{"Package":"vars","Version":"1.5-2"},{"Package":"viridis","Version":"0.5.1"},{"Package":"viridisLite","Version":"0.3.0"},{"Package":"whisker","Version":"0.3-2"},{"Package":"withr","Version":"2.1.2"},{"Package":"xtable","Version":"1.8-2"},{"Package":"xts","Version":"0.10-2"},{"Package":"yaml","Version":"2.1.18"},{"Package":"zip","Version":"1.0.0"},{"Package":"zoo","Version":"1.8-1"},{"Package":"rgl","Version":"0.95.1441"},{"Package":"boot","Version":"1.3-20"},{"Package":"class","Version":"7.3-14"},{"Package":"cluster","Version":"2.0.7"},{"Package":"codetools","Version":"0.2-15"},{"Package":"foreign","Version":"0.8-69"},{"Package":"grid","Version":"3.4.4"},{"Package":"KernSmooth","Version":"2.23-15"},{"Package":"lattice","Version":"0.20-35"},{"Package":"MASS","Version":"7.3-49"},{"Package":"Matrix","Version":"1.2-13"},{"Package":"mgcv","Version":"1.8-23"},{"Package":"nlme","Version":"3.1-137"},{"Package":"nnet","Version":"7.3-12"},{"Package":"stats","Version":"3.4.4"}]
