packages,heading_id
"utils,shinyjs,dplyr",QuickPeek
"lubridate,xts",Datetime
jsonlite,Hierarchyseclection
"xts,stats,plotly,dplyr,stringr,htmltools,padr,imputeTS,dygraphs,reshape2",Missingvalue
"dplyr,stringr,DT,zoo,utils,xts,dygraphs,stats,htmltools,ggplot2,egcm,urca,gridExtra,tseries,shinyjs",EDA
"timeSeries,xts,stats,dplyr,lubridate,hts,reshape2",TrainValidation
shinyjs,ForecastingModels
"stats,hts,prophet,plotly,utils,RColorBrewer,dplyr,ggplot2",HoltWinters
"stats,hts,prophet,plotly,utils,RColorBrewer,forecast,dplyr,ggplot2",TBATS
"shiny,dplyr",MultiVariate
"stats,hts,prophet,plotly,utils,RColorBrewer,forecast,dplyr,ggplot2",ARIMA
"stats,hts,prophet,plotly,utils,RColorBrewer,forecast,dplyr,earth,ggplot2",MARS
"stats,hts,prophet,plotly,utils,RColorBrewer,forecast,dplyr,ggplot2",GAM
"stats,hts,prophet,plotly,utils,RColorBrewer,forecast,dplyr,vars,ggplot2",VARS
"stats,hts,prophet,plotly,utils,RColorBrewer,forecast,dplyr,rucm,ggplot2",UCM
"stats,hts,prophet,plotly,utils,RColorBrewer,forecast,dplyr,e1071,ggplot2",SVR
"plotly,hts,forecast,plyr,ggplot2,httr",compare
"lubridate,dplyr,utils,parsedate,plotly,forecast,zoo,stats,ggplot2,DT",forecast
