[{"package":"abind","version":"1.4-5"},{"package":"assertthat","version":"0.2.0"},{"package":"backports","version":"1.1.2"},{"package":"base64enc","version":"0.1-3"},{"package":"bindr","version":"0.1"},{"package":"bindrcpp","version":"0.2"},{"package":"bit","version":"1.1-12"},{"package":"bit64","version":"0.9-7"},{"package":"blob","version":"1.1.1"},{"package":"brew","version":"1.0-6"},{"package":"car","version":"3.0-0"},{"package":"carData","version":"3.0-0"},{"package":"cellranger","version":"1.1.0"},{"package":"chron","version":"2.3-51"},{"package":"class","version":"7.3-14"},{"package":"cli","version":"1.0.0"},{"package":"colorspace","version":"1.3-2"},{"package":"colourpicker","version":"1.0"},{"package":"crayon","version":"1.3.4"},{"package":"crosstalk","version":"1.0.0"},{"package":"data.table","version":"1.10.4-3"},{"package":"DBI","version":"0.8"},{"package":"DEoptimR","version":"1.0-8"},{"package":"devtools","version":"1.13.5"},{"package":"DiagrammeRsvg","version":"0.1"},{"package":"dichromat","version":"2.0-0"},{"package":"downloader","version":"0.4"},{"package":"dplyr","version":"0.7.4"},{"package":"DT","version":"0.2"},{"package":"dummies","version":"1.5.6"},{"package":"e1071","version":"1.6-8"},{"package":"evaluate","version":"0.10.1"},{"package":"forcats","version":"0.2.0"},{"package":"forecast","version":"8.2"},{"package":"Formula","version":"1.2-2"},{"package":"fracdiff","version":"1.4-2"},{"package":"ggplot2","version":"2.2.1"},{"package":"gridExtra","version":"2.3"},{"package":"gsubfn","version":"0.6-6"},{"package":"gtable","version":"0.2.0"},{"package":"haven","version":"1.1.1"},{"package":"highr","version":"0.6"},{"package":"hms","version":"0.3"},{"package":"htmltools","version":"0.3.6"},{"package":"httpuv","version":"1.4.1"},{"package":"httr","version":"1.3.1"},{"package":"igraph","version":"1.2.1"},{"package":"imputeTS","version":"2.5"},{"package":"influenceR","version":"0.1.0"},{"package":"inum","version":"1.0-0"},{"package":"jsonlite","version":"1.5"},{"package":"knitr","version":"1.20"},{"package":"labeling","version":"0.3"},{"package":"laeken","version":"0.4.6"},{"package":"later","version":"0.7.2"},{"package":"libcoin","version":"1.0-1"},{"package":"lme4","version":"1.1-14"},{"package":"lmtest","version":"0.9-35"},{"package":"magrittr","version":"1.5"},{"package":"maptools","version":"0.9-2"},{"package":"markdown","version":"0.8"},{"package":"MatrixModels","version":"0.4-1"},{"package":"memoise","version":"1.1.0"},{"package":"mice","version":"2.46.0"},{"package":"mime","version":"0.5"},{"package":"miniUI","version":"0.1.1"},{"package":"minqa","version":"1.2.4"},{"package":"munsell","version":"0.4.3"},{"package":"mvtnorm","version":"1.0-6"},{"package":"nloptr","version":"1.0.4"},{"package":"odbc","version":"1.1.5"},{"package":"openxlsx","version":"4.0.17"},{"package":"pander","version":"0.6.1"},{"package":"partykit","version":"1.1-1"},{"package":"pbkrtest","version":"0.4-7"},{"package":"pillar","version":"1.2.2"},{"package":"pkgconfig","version":"2.0.1"},{"package":"plogr","version":"0.2.0"},{"package":"plyr","version":"1.8.4"},{"package":"prettyunits","version":"1.0.2"},{"package":"promises","version":"1.0.1"},{"package":"proto","version":"1.0.0"},{"package":"purrr","version":"0.2.4"},{"package":"quadprog","version":"1.5-5"},{"package":"quantmod","version":"0.4-11"},{"package":"quantreg","version":"5.33"},{"package":"R6","version":"2.2.2"},{"package":"RColorBrewer","version":"1.1-2"},{"package":"Rcpp","version":"0.12.16"},{"package":"RcppArmadillo","version":"0.8.100.1.0"},{"package":"RcppEigen","version":"0.3.3.3.0"},{"package":"readr","version":"1.1.1"},{"package":"readxl","version":"1.0.0"},{"package":"rematch","version":"1.0.1"},{"package":"rio","version":"0.5.10"},{"package":"RJDBC","version":"0.2-7.1"},{"package":"rjson","version":"0.2.15"},{"package":"RJSONIO","version":"1.3-0"},{"package":"rlang","version":"0.2.0"},{"package":"rmarkdown","version":"1.9"},{"package":"robustbase","version":"0.92-7"},{"package":"Rook","version":"1.1-1"},{"package":"rprojroot","version":"1.3-2"},{"package":"RSQLite","version":"2.1.0"},{"package":"rstudioapi","version":"0.7.0-9000"},{"package":"rsvg","version":"1.1"},{"package":"scales","version":"0.5.0.9000"},{"package":"shiny","version":"1.0.5"},{"package":"shinyBS","version":"0.61"},{"package":"shinyFiles","version":"0.6.2"},{"package":"shinyjs","version":"1.0"},{"package":"smbinning","version":"0.4"},{"package":"sourcetools","version":"0.1.7"},{"package":"sp","version":"1.2-7"},{"package":"SparseM","version":"1.77"},{"package":"sqldf","version":"0.4-11"},{"package":"stinepack","version":"1.3"},{"package":"stringi","version":"1.2.2"},{"package":"stringr","version":"1.3.0"},{"package":"tidyr","version":"0.7.2"},{"package":"tidyselect","version":"0.2.3"},{"package":"timeDate","version":"3042.101"},{"package":"tseries","version":"0.10-44"},{"package":"TTR","version":"0.23-2"},{"package":"urca","version":"1.3-0"},{"package":"uroot","version":"2.0-9"},{"package":"utf8","version":"1.1.3"},{"package":"V8","version":"1.5"},{"package":"vcd","version":"1.4-3"},{"package":"VIM","version":"4.7.0"},{"package":"viridis","version":"0.4.0"},{"package":"visNetwork","version":"2.0.1"},{"package":"whisker","version":"0.3-2"},{"package":"XML","version":"3.98-1.11"},{"package":"xtable","version":"1.8-2"},{"package":"xts","version":"0.10-2"},{"package":"yaml","version":"2.1.19"},{"package":"zoo","version":"1.8-0"},{"package":"BH","version":"1.65.0-1"},{"package":"curl","version":"2.8.1"},{"package":"DiagrammeR","version":"0.9.2"},{"package":"digest","version":"0.6.12"},{"package":"git2r","version":"0.19.0"},{"package":"glue","version":"1.1.1"},{"package":"htmlwidgets","version":"0.9"},{"package":"lazyeval","version":"0.2.0"},{"package":"openssl","version":"0.9.7"},{"package":"reshape2","version":"1.4.2"},{"package":"rgexf","version":"0.15.3"},{"package":"rJava","version":"0.9-8"},{"package":"RMySQL","version":"0.10.13"},{"package":"RPostgreSQL","version":"0.6-2"},{"package":"tibble","version":"1.3.4"},{"package":"viridisLite","version":"0.2.0"},{"package":"withr","version":"2.0.0"},{"package":"boot","version":"1.3-17"},{"package":"foreign","version":"0.8-69"},{"package":"lattice","version":"0.20-35"},{"package":"MASS","version":"7.3-47"},{"package":"Matrix","version":"1.2-11"},{"package":"mgcv","version":"1.8-19"},{"package":"nlme","version":"3.1-131"},{"package":"nnet","version":"7.3-12"},{"package":"rpart","version":"4.1-10"},{"package":"stats","version":"3.4.1"},{"package":"survival","version":"2.41-3"}]
