[{"Package":"abind","Version":"1.4-5"},{"Package":"acepack","Version":"1.4.1"},{"Package":"arm","Version":"1.10-1"},{"Package":"assertthat","Version":"0.2.0"},{"Package":"backports","Version":"1.1.2"},{"Package":"base64enc","Version":"0.1-3"},{"Package":"BDgraph","Version":"2.51"},{"Package":"BH","Version":"1.66.0-1"},{"Package":"bindr","Version":"0.1.1"},{"Package":"bindrcpp","Version":"0.2.2"},{"Package":"bit","Version":"1.1-14"},{"Package":"bit64","Version":"0.9-7"},{"Package":"blob","Version":"1.1.1"},{"Package":"broom","Version":"0.5.0"},{"Package":"car","Version":"3.0-2"},{"Package":"carData","Version":"3.0-1"},{"Package":"caret","Version":"6.0-80"},{"Package":"cellranger","Version":"1.1.0"},{"Package":"checkmate","Version":"1.8.5"},{"Package":"classInt","Version":"0.2-3"},{"Package":"cli","Version":"1.0.0"},{"Package":"clustMixType","Version":"0.1-29"},{"Package":"clv","Version":"0.3-2.1"},{"Package":"coda","Version":"0.19-1"},{"Package":"coloredICA","Version":"1.0.0"},{"Package":"colorspace","Version":"1.3-2"},{"Package":"colourpicker","Version":"1.0"},{"Package":"combinat","Version":"0.0-8"},{"Package":"corpcor","Version":"1.6.9"},{"Package":"cowplot","Version":"0.9.3"},{"Package":"crayon","Version":"1.3.4"},{"Package":"crosstalk","Version":"1.0.0"},{"Package":"curl","Version":"3.2"},{"Package":"CVST","Version":"0.2-2"},{"Package":"d3Network","Version":"0.5.2.1"},{"Package":"data.table","Version":"1.11.4"},{"Package":"DBI","Version":"1.0.0"},{"Package":"ddalpha","Version":"1.3.4"},{"Package":"deldir","Version":"0.1-15"},{"Package":"dendextend","Version":"1.8.0"},{"Package":"DEoptimR","Version":"1.0-8"},{"Package":"digest","Version":"0.6.16"},{"Package":"dimRed","Version":"0.1.0"},{"Package":"diptest","Version":"0.75-7"},{"Package":"DRR","Version":"0.0.3"},{"Package":"DT","Version":"0.4"},{"Package":"dtw","Version":"1.20-1"},{"Package":"dummies","Version":"1.5.6"},{"Package":"e1071","Version":"1.7-0"},{"Package":"ellipse","Version":"0.4.1"},{"Package":"EMCluster","Version":"0.2-10"},{"Package":"evaluate","Version":"0.11"},{"Package":"factoextra","Version":"1.0.5"},{"Package":"FactoMineR","Version":"1.41"},{"Package":"fansi","Version":"0.3.0"},{"Package":"fastICA","Version":"1.2-1"},{"Package":"fdrtool","Version":"1.2.15"},{"Package":"flashClust","Version":"1.01-2"},{"Package":"flexmix","Version":"2.3-14"},{"Package":"forcats","Version":"0.3.0"},{"Package":"foreach","Version":"1.4.4"},{"Package":"Formula","Version":"1.2-3"},{"Package":"fpc","Version":"2.1-11.1"},{"Package":"geometry","Version":"0.3-6"},{"Package":"ggm","Version":"2.3"},{"Package":"ggpubr","Version":"0.1.8"},{"Package":"ggrepel","Version":"0.8.0"},{"Package":"ggsci","Version":"2.9"},{"Package":"ggsignif","Version":"0.4.0"},{"Package":"glasso","Version":"1.10"},{"Package":"glue","Version":"1.3.0"},{"Package":"gower","Version":"0.1.2"},{"Package":"gridExtra","Version":"2.3"},{"Package":"gtools","Version":"3.8.1"},{"Package":"haven","Version":"1.1.2"},{"Package":"highr","Version":"0.7"},{"Package":"Hmisc","Version":"4.1-1"},{"Package":"hms","Version":"0.4.2"},{"Package":"htmlTable","Version":"1.12"},{"Package":"htmltools","Version":"0.3.6"},{"Package":"htmlwidgets","Version":"1.2"},{"Package":"httpuv","Version":"1.4.5"},{"Package":"huge","Version":"1.2.7"},{"Package":"ifultools","Version":"2.0-4"},{"Package":"igraph","Version":"1.2.2"},{"Package":"ipred","Version":"0.9-7"},{"Package":"iterators","Version":"1.0.10"},{"Package":"jpeg","Version":"0.1-8"},{"Package":"kernlab","Version":"0.9-27"},{"Package":"klaR","Version":"0.6-14"},{"Package":"knitr","Version":"1.20"},{"Package":"kohonen","Version":"3.0.6"},{"Package":"labeling","Version":"0.3"},{"Package":"labelled","Version":"1.1.0"},{"Package":"later","Version":"0.7.4"},{"Package":"latticeExtra","Version":"0.6-28"},{"Package":"lava","Version":"1.6.3"},{"Package":"lavaan","Version":"0.6-2"},{"Package":"lazyeval","Version":"0.2.1"},{"Package":"leaps","Version":"3.0"},{"Package":"lme4","Version":"1.1-18-1"},{"Package":"locpol","Version":"0.7-0"},{"Package":"longitudinalData","Version":"2.4.1"},{"Package":"lubridate","Version":"1.7.4"},{"Package":"magic","Version":"1.5-8"},{"Package":"magrittr","Version":"1.5"},{"Package":"manipulateWidget","Version":"0.10.0"},{"Package":"maptools","Version":"0.9-3"},{"Package":"markdown","Version":"0.8"},{"Package":"matrixcalc","Version":"1.0-3"},{"Package":"MatrixModels","Version":"0.4-1"},{"Package":"mclust","Version":"5.4.1"},{"Package":"memoise","Version":"1.1.0"},{"Package":"mi","Version":"1.0"},{"Package":"mime","Version":"0.5"},{"Package":"miniUI","Version":"0.1.1.1"},{"Package":"minqa","Version":"1.2.4"},{"Package":"misc3d","Version":"0.8-4"},{"Package":"mnormt","Version":"1.5-5"},{"Package":"ModelMetrics","Version":"1.2.0"},{"Package":"modeltools","Version":"0.2-22"},{"Package":"munsell","Version":"0.5.0"},{"Package":"mvtnorm","Version":"1.0-8"},{"Package":"NbClust","Version":"3.0"},{"Package":"network","Version":"1.13.0.1"},{"Package":"nFactors","Version":"2.3.3"},{"Package":"nloptr","Version":"1.0.4"},{"Package":"numDeriv","Version":"2016.8-1"},{"Package":"openxlsx","Version":"4.1.0"},{"Package":"pander","Version":"0.6.2"},{"Package":"pbapply","Version":"1.3-4"},{"Package":"pbivnorm","Version":"0.6.0"},{"Package":"pbkrtest","Version":"0.4-7"},{"Package":"pdc","Version":"1.0.3"},{"Package":"pillar","Version":"1.3.0"},{"Package":"pkgconfig","Version":"2.0.2"},{"Package":"plogr","Version":"0.2.0"},{"Package":"pls","Version":"2.7-0"},{"Package":"png","Version":"0.1-7"},{"Package":"polynom","Version":"1.3-9"},{"Package":"prabclus","Version":"2.2-6"},{"Package":"prettydoc","Version":"0.2.1"},{"Package":"prettyunits","Version":"1.0.2"},{"Package":"processx","Version":"3.2.0"},{"Package":"prodlim","Version":"2018.04.18"},{"Package":"promises","Version":"1.0.1"},{"Package":"proxy","Version":"0.4-22"},{"Package":"ps","Version":"1.1.0"},{"Package":"psych","Version":"1.8.4"},{"Package":"purrr","Version":"0.2.5"},{"Package":"qgraph","Version":"1.5"},{"Package":"quantreg","Version":"5.36"},{"Package":"questionr","Version":"0.6.3"},{"Package":"R.devices","Version":"2.16.0"},{"Package":"R.methodsS3","Version":"1.7.1"},{"Package":"R.oo","Version":"1.22.0"},{"Package":"R.utils","Version":"2.7.0"},{"Package":"R6","Version":"2.2.2"},{"Package":"RColorBrewer","Version":"1.1-2"},{"Package":"Rcpp","Version":"0.12.18"},{"Package":"RcppEigen","Version":"0.3.3.4.0"},{"Package":"RcppRoll","Version":"0.3.0"},{"Package":"readr","Version":"1.1.1"},{"Package":"readxl","Version":"1.1.0"},{"Package":"recipes","Version":"0.1.3"},{"Package":"rematch","Version":"1.0.1"},{"Package":"reshape","Version":"0.8.7"},{"Package":"rgl","Version":"0.99.16"},{"Package":"rio","Version":"0.5.10"},{"Package":"rlang","Version":"0.2.2"},{"Package":"rmarkdown","Version":"1.10"},{"Package":"robustbase","Version":"0.93-2"},{"Package":"RPostgreSQL","Version":"0.6-2"},{"Package":"rprojroot","Version":"1.3-2"},{"Package":"rstudioapi","Version":"0.7"},{"Package":"Rtsne","Version":"0.13"},{"Package":"scales","Version":"1.0.0"},{"Package":"scatterplot3d","Version":"0.3-41"},{"Package":"seewave","Version":"2.1.0"},{"Package":"sem","Version":"3.1-9"},{"Package":"sfsmisc","Version":"1.1-2"},{"Package":"shiny","Version":"1.1.0"},{"Package":"shinyBS","Version":"0.61"},{"Package":"shinyFiles","Version":"0.7.0"},{"Package":"shinyjs","Version":"1.0"},{"Package":"signal","Version":"0.7-6"},{"Package":"sna","Version":"2.4"},{"Package":"sourcetools","Version":"0.1.7"},{"Package":"sp","Version":"1.3-1"},{"Package":"SparseM","Version":"1.77"},{"Package":"spData","Version":"0.2.9.3"},{"Package":"splus2R","Version":"1.2-2"},{"Package":"SQUAREM","Version":"2017.10-1"},{"Package":"statnet.common","Version":"4.1.4"},{"Package":"stringi","Version":"1.2.4"},{"Package":"stringr","Version":"1.3.1"},{"Package":"svdvis","Version":"0.1"},{"Package":"threejs","Version":"0.3.1"},{"Package":"tibble","Version":"1.4.2"},{"Package":"tidyr","Version":"0.8.1"},{"Package":"tidyselect","Version":"0.2.4"},{"Package":"timeDate","Version":"3043.102"},{"Package":"tinytex","Version":"0.8"},{"Package":"trimcluster","Version":"0.1-2.1"},{"Package":"TSclust","Version":"1.2.4"},{"Package":"tuneR","Version":"1.3.3"},{"Package":"utf8","Version":"1.1.4"},{"Package":"viridis","Version":"0.5.1"},{"Package":"viridisLite","Version":"0.3.0"},{"Package":"wavelets","Version":"0.3-0"},{"Package":"webshot","Version":"0.5.0"},{"Package":"whisker","Version":"0.3-2"},{"Package":"withr","Version":"2.1.2"},{"Package":"wmtsa","Version":"2.0-3"},{"Package":"xfun","Version":"0.3"},{"Package":"xtable","Version":"1.8-3"},{"Package":"yaml","Version":"2.2.0"},{"Package":"zip","Version":"1.0.0"},{"Package":"dplyr","Version":"0.7.6"},{"Package":"ggplot2","Version":"3.0.0"},{"Package":"gtable","Version":"0.2.0"},{"Package":"jsonlite","Version":"1.5"},{"Package":"odbc","Version":"1.1.6"},{"Package":"plyr","Version":"1.8.4"},{"Package":"pryr","Version":"0.1.4"},{"Package":"reshape2","Version":"1.4.3"},{"Package":"rJava","Version":"0.9-10"},{"Package":"RJDBC","Version":"0.2-7.1"},{"Package":"rjson","Version":"0.2.20"},{"Package":"RSQLite","Version":"2.1.1"},{"Package":"RMySQL","Version":"0.10.13"},{"Package":"boot","Version":"1.3-20"},{"Package":"class","Version":"7.3-14"},{"Package":"cluster","Version":"2.0.6"},{"Package":"codetools","Version":"0.2-15"},{"Package":"foreign","Version":"0.8-69"},{"Package":"grDevices","Version":"3.4.4"},{"Package":"KernSmooth","Version":"2.23-15"},{"Package":"lattice","Version":"0.20-35"},{"Package":"MASS","Version":"7.3-49"},{"Package":"Matrix","Version":"1.2-12"},{"Package":"mgcv","Version":"1.8-23"},{"Package":"nlme","Version":"3.1-131"},{"Package":"nnet","Version":"7.3-12"},{"Package":"rpart","Version":"4.1-13"},{"Package":"stats","Version":"3.4.4"},{"Package":"survival","Version":"2.41-3"}]
