,heading_id,packages
1,Quick_Peek,"htmltools,shiny,pryr,utils,data.table,threejs,grDevices,MASS,cluster"
2,Feature_Transformations,"shiny,htmltools,data.table,ggplot2,qgraph,factoextra,svdvisual,stats,dummies"
3,Input_Data_Selection,"shiny,htmltools"
4,Partitioning_Clustering,"data.table,cluster,clustMixType,stats,klaR,htmltools,shiny,shinyBS,ggplot2,utils,fpc,sp,reshape,deldir,TSclust"
5,Hierarchical_Clustering,"shiny,htmltools,ggplot2,dendextend,stats,utils,flashClust,cluster,fpc,sp,reshape,deldir,TSclust"
6,Model_based_Clustering,"shiny,htmltools,shinyBS,ggplot2,utils,cluster,reshape,data.table,EMCluster,fpc,sp,deldir,TSclust,dummies"
7,Artificial_Neural_Nets_based_Clustering,"shiny,htmltools,ggplot2,kohonen,utils,dendextend,stats,grDevices,cluster,R.devices,fpc,sp,reshape,deldir,TSclust,dummies"
8,Hybrid_Clustering,"shiny,htmltools,utils,ggplot2,data.table,stats,dendextend,cluster,reshape,ggplot2,Rtsne,wavelets,seewave,fastICA,coloredICA,fpc,sp,deldir,TSclust"
9,Comparison_section,"shiny,htmltools,ggplot2,cluster,fpc,caret,data.table,ggplot2,NbClust,reshape,sp,deldir,TSclust"
10,Executive_Summary,
