Column,Column.Type,Reference.Level
Occupancy,numeric,
hotel_id,factor,
AvgDailyRate,numeric,
building_type,character,“UNKNOWN”
location_type,character,
Class,character,
Compet_Occupancy,numeric,
Compet_AvgDailyRate,numeric,
PercentGovtNights,numeric,
PercentGroupNights,numeric,
PercentTransientNights,numeric,
PercentBusiness,numeric,
PercentLeisure,numeric,
hotelcount1mile,numeric,
hotelcount5mile,numeric,
rooms1mile,numeric,
rooms5mile,numeric,
max_rooms_capacity,numeric,
loyalty_pct,numeric,
call_center_booking_pct,numeric,
travel_agency_booking_pct,numeric,
third_party_web_bookings_pct,numeric,
hotel_to_hotel_bookings_pct,numeric,
direct_call_booking_pct,numeric,
direct_web_booking_pct,numeric,
